State,District,Tehsil,Block,GramPanchayat,NyayPanchayat,Village,Latitude,Longitude
Andhra Pradesh_2024,NTR,A.Konduru,,Kambampadu,A.Konduru,263814,16.98805,80.6578
Andhra Pradesh_2024,NTR,A.Konduru,,Konduru,A.Konduru,264417,16.95946,80.64791
Andhra Pradesh_2024,Sri Sathya Sai,Rolla,,Rolla,Rolla,267535,13.84395,77.10015
Andhra Pradesh_2024,Sri Sathya Sai,Rolla,,Rolla,Rolla,267535,13.84393,77.10015
Andhra Pradesh_2024,Sri Sathya Sai,Rolla,,Rolla,Rolla,267535,13.8498,77.10159
Andhra Pradesh_2024,NTR,G.Konduru,,Koduru,G.Konduru,264200,16.68514,80.58113
Andhra Pradesh_2024,Sri Sathya Sai,Dharmavaram,M,Gotlur,Dharmavaram,263030,14.42959,77.71417
Andhra Pradesh_2024,Sri Sathya Sai,Rolla,,Ratnagiri,Rolla,267416,13.80679,77.12671
Andhra Pradesh_2024,Sri Sathya Sai,Rolla,,Ratnagiri,Rolla,267416,13.8068,77.12671
Andhra Pradesh_2024,Sri Sathya Sai,Rolla,,Ratnagiri,Rolla,267416,13.80676,77.12673
Andhra Pradesh_2024,NTR,G.Konduru,,Kuntamukkala,G.Konduru,264801,16.72084,80.62186
Andhra Pradesh_2024,Sri Sathya Sai,Bukkapatnam,Gunipalli,Gunipalle,Bukkapatnam,263207,14.27524,77.90186
Andhra Pradesh_2024,Sri Sathya Sai,Dharmavaram,Kh,Kunuthuru(Rural),Dharmavaram,264809,14.43089,77.70672
Andhra Pradesh_2024,Sri Sathya Sai,Chennekothapalle,,Nagasamudram,Chennekothapalle,265847,14.31377,77.63311
Andhra Pradesh_2024,Sri Sathya Sai,Chennekothapalle,,Nagasamudram,Chennekothapalle,265847,14.3135,77.6328
Andhra Pradesh_2024,Sri Sathya Sai,Agali,,Agali,Agali,260631,13.7968,77.04879
Andhra Pradesh_2024,Sri Sathya Sai,Agali,,Agali,Agali,260631,13.79683,77.0488
Andhra Pradesh_2024,Sri Sathya Sai,Bukkapatnam,Pamdurthi,Pamudurthi,Bukkapatnam,266410,14.27185,77.96976
Andhra Pradesh_2024,Sri Sathya Sai,Ramagiri,,Kuntimaddi,Ramagiri,264804,14.32949,77.59092
Andhra Pradesh_2024,Sri Sathya Sai,Agali,,Agali,Agali,260631,13.79682,77.04878
Andhra Pradesh_2024,Sri Sathya Sai,Ramagiri,,Kuntimaddi,Ramagiri,264804,14.32985,77.59108
Andhra Pradesh_2024,Sri Sathya Sai,Dharmavaram,Mg,Pothulanagepalle,Dharmavaram,267023,14.38934,77.70794
Andhra Pradesh_2024,Y.S.R. Kadapa,Duvvur,,Duvvur,Duvvur,262556,14.91374,78.61845
Andhra Pradesh_2024,NTR,Mylavaram,,Chandrala,Mylavaram,261693,16.76849,80.71517
Andhra Pradesh_2024,Y.S.R. Kadapa,Sri Avadhutha Kasinayana,Sri Avadhutha Kasinayana,Itikulapadu,Sri Avadhutha Kasinayana,263390,14.91925,78.9046
Andhra Pradesh_2024,Sri Sathya Sai,Bukkapatnam,Kothakota,Kothakota,Bukkapatnam,264566,14.31043,77.92726
Andhra Pradesh_2024,Sri Sathya Sai,Ramagiri,,Ganthimarri,Ramagiri,262786,14.36457,77.60187
Andhra Pradesh_2024,Sri Sathya Sai,Bukkapatnam,Marala,Marala,Bukkapatnam,265343,14.31055,77.92724
Andhra Pradesh_2024,Sri Sathya Sai,Ramagiri,,Ganthimarri,Ramagiri,262786,14.36471,77.60218
Andhra Pradesh_2024,Y.S.R. Kadapa,Kamalapuram,,Letapalle,Kamalapuram,264966,14.50938,78.59467
Andhra Pradesh_2024,Sri Sathya Sai,Gudibanda,,Morubagal,Gudibanda,265599,13.97765,77.04068
Andhra Pradesh_2024,Sri Sathya Sai,Gudibanda,,Morubagal,Gudibanda,265599,13.97767,77.0406
Andhra Pradesh_2024,Y.S.R. Kadapa,Rajupalem,,Rajupalem,Rajupalem,267267,14.86619,78.58135
Andhra Pradesh_2024,Sri Sathya Sai,Gudibanda,,Morubagal,Gudibanda,265599,13.97768,77.04065
Andhra Pradesh_2024,Sri Sathya Sai,Somandepalle,Somandepalli,Somandepalle,Somandepalle,268005,14.00678,77.62131
Andhra Pradesh_2024,NTR,Mylavaram,,Mylavaram,Mylavaram,265786,16.77387,80.64019
Andhra Pradesh_2024,Sri Sathya Sai,Talupula,Talupula,Odulapalle,Talupula,266236,14.24842,78.18957
Andhra Pradesh_2024,Sri Sathya Sai,Amarapuram,,Hemavathi,Amarapuram,263294,14.02825,76.9904
Andhra Pradesh_2024,Y.S.R. Kadapa,Sri Avadhutha Kasinayana,Sri Avadhutha Kasinayana,Varikunta,Sri Avadhutha Kasinayana,268934,15.05289,78.87091
Andhra Pradesh_2024,Sri Sathya Sai,Amarapuram,,Hemavathi,Amarapuram,263294,14.02825,76.99039
Andhra Pradesh_2024,Sri Sathya Sai,Amarapuram,,Hemavathi,Amarapuram,263294,14.02826,76.99038
Andhra Pradesh_2024,Y.S.R. Kadapa,Kamalapuram,,Chinnachepalle,Kamalapuram,261993,14.54738,78.60849
Andhra Pradesh_2024,Sri Sathya Sai,Talupula,Talupula,Talupula,Talupula,268265,14.24623,78.25076
Andhra Pradesh_2024,Sri Sathya Sai,Somandepalle,Somandepalli,Somandepalle,Somandepalle,268005,14.01541,77.60907
Andhra Pradesh_2024,NTR,A.Konduru,,Cheemalapadu,A.Konduru,261753,16.88479,80.6426
Andhra Pradesh_2024,Sri Sathya Sai,Talupula,Talupula,Vepamanipeta,Talupula,269233,14.22733,78.30559
Andhra Pradesh_2024,Y.S.R. Kadapa,Kamalapuram,,Kamalapuram,Kamalapuram,263799,14.58237,78.6536
Andhra Pradesh_2024,NTR,Nandigama,NANDIGAMA,Nandigama (U)(P),Nandigama,265944,16.76318,80.28915
Andhra Pradesh_2024,Sri Sathya Sai,Somandepalle,Somandepalli,Chalakur,Somandepalle,261654,13.95077,77.55989
Andhra Pradesh_2024,Sri Sathya Sai,Amarapuram,,Amarapuram,Amarapuram,260754,14.11836,76.98154
Andhra Pradesh_2024,Sri Sathya Sai,Amarapuram,,Amarapuram,Amarapuram,260754,14.11835,76.98153
Andhra Pradesh_2024,Sri Sathya Sai,Amarapuram,,Amarapuram,Amarapuram,260754,14.11835,76.98151
Andhra Pradesh_2024,Sri Sathya Sai,Gandlapenta,Gandlapenta,Chamalagondi,Gandlapenta,261672,14.08948,78.32731
Andhra Pradesh_2024,Sri Sathya Sai,Gandlapenta,Gandlapenta,Malameedapalli,Gandlapenta,265173,14.02122,78.27341
Andhra Pradesh_2024,Sri Sathya Sai,Gudibanda,,Kumbaranagehalli,Gudibanda,264761,14.01987,77.09691
Andhra Pradesh_2024,Sri Sathya Sai,Gudibanda,,Kumbaranagehalli,Gudibanda,264761,14.01987,77.09692
Andhra Pradesh_2024,Sri Sathya Sai,Gudibanda,,Gudibanda,Gudibanda,263102,13.97686,77.10803
Andhra Pradesh_2024,Sri Sathya Sai,Gudibanda,,Gudibanda,Gudibanda,263102,13.97685,77.10802
Andhra Pradesh_2024,Sri Sathya Sai,Gudibanda,,Gudibanda,Gudibanda,263102,13.97685,77.10798
Andhra Pradesh_2024,Sri Sathya Sai,Gandlapenta,Gandlapenta,Gandlapenta,Gandlapenta,262716,14.09395,78.2736
Andhra Pradesh_2024,Sri Sathya Sai,Gudibanda,,Mandalahalli,Gudibanda,265260,13.93974,77.10508
Andhra Pradesh_2024,Sri Sathya Sai,Gudibanda,,Mandalahalli,Gudibanda,265260,13.93976,77.10506
Andhra Pradesh_2024,Sri Sathya Sai,Gudibanda,,Mandalahalli,Gudibanda,265260,13.93975,77.10506
Andhra Pradesh_2024,Sri Sathya Sai,Gandlapenta,Gandlapenta,Somayajulapalle,Gandlapenta,268019,14.09491,78.28167
Andhra Pradesh_2024,Sri Sathya Sai,Gandlapenta,Gandlapenta,Thummalabylu,Gandlapenta,268548,14.10429,78.24136
Andhra Pradesh_2024,Sri Sathya Sai,Gudibanda,,Kekathi,Gudibanda,264099,13.98618,77.15346
Andhra Pradesh_2024,Sri Sathya Sai,Gudibanda,,Kekathi,Gudibanda,264099,13.98619,77.15344
Andhra Pradesh_2024,Sri Sathya Sai,Gudibanda,,Kekathi,Gudibanda,264099,13.98625,77.15346
Andhra Pradesh_2024,Sri Sathya Sai,Gandlapenta,Gandlapenta,Maddivarigondi,Gandlapenta,265076,14.10036,78.22437
Andhra Pradesh_2024,Sri Sathya Sai,Roddam,Roddam,Kalipi,Roddam,263758,14.00201,77.43975
Andhra Pradesh_2024,Y.S.R. Kadapa,Pendlimarri,,Pendlimarri,Pendlimarri,,14.46371,78.55993
Andhra Pradesh_2024,NTR,Chandarlapadu,NANDIGAMA,Chandarlapadu,Chandarlapadu,261688,16.70174,80.2007
Andhra Pradesh_2024,Y.S.R. Kadapa,Vempalle,Ramideddi Palle,Ramireddi Palle,Vempalle,267363,14.46481,78.4222
Andhra Pradesh_2024,Y.S.R. Kadapa,Vempalle,,Vempalle,Vempalle,269112,14.37691,78.46034
Andhra Pradesh_2024,Y.S.R. Kadapa,Vempalle,,Vempalle,Vempalle,269112,14.36093,78.46201
Andhra Pradesh_2024,Sri Sathya Sai,Nambulipulikunta,,Nambulapulikunta,Nambulipulikunta,265921,14.05443,78.41756
Andhra Pradesh_2024,Y.S.R. Kadapa,Chakrayapet,Chakrayapet,Chakrayapet,Chakrayapet,261653,14.26169,78.49918
Andhra Pradesh_2024,Sri Sathya Sai,Chilamathur,Chilamathur,Morasalapalle,Chilamathur,265595,13.90816,77.80665
Andhra Pradesh_2024,Y.S.R. Kadapa,Chakrayapet,Mahadevapalle,Mahadevapalle,Chakrayapet,265122,14.22276,78.53898
Andhra Pradesh_2024,Sri Sathya Sai,Bathalapalle,Bh,Bathalapalle,Bathalapalle,261219,14.51803,77.7634
Andhra Pradesh_2024,Sri Sathya Sai,Nambulipulikunta,,Gowkanapalle,Nambulipulikunta,263068,14.17519,78.41014
Andhra Pradesh_2024,Sri Sathya Sai,Dharmavaram,My,Gotlur,Dharmavaram,263030,14.43214,77.73383
Andhra Pradesh_2024,Sri Sathya Sai,Dharmavaram,D,Darsimala,Dharmavaram,262292,14.42763,77.73011
Andhra Pradesh_2024,Sri Sathya Sai,Nambulipulikunta,,Velichelimala,Nambulipulikunta,269062,14.16509,78.34698
Andhra Pradesh_2024,Sri Sathya Sai,Dharmavaram,M,Subbaraopeta,Dharmavaram,268101,14.42759,77.7301
Andhra Pradesh_2024,Sri Sathya Sai,Chilamathur,Chilamathur,Kodikonda,Chilamathur,264184,13.88674,77.71059
Andhra Pradesh_2024,Sri Sathya Sai,Bathalapalle,Bh,Chennarayapatnam,Bathalapalle,261812,14.46095,77.80725
Andhra Pradesh_2024,Sri Sathya Sai,Nambulipulikunta,,Mekalacheruvu,Nambulipulikunta,265463,14.03892,78.30865
Andhra Pradesh_2024,Sri Sathya Sai,Chilamathur,Chilamathur,Chilamathur,Chilamathur,261884,13.8374,77.70049
Andhra Pradesh_2024,Sri Sathya Sai,Roddam,,Bucharla,Roddam,261552,14.14289,77.46945
Andhra Pradesh_2024,Sri Sathya Sai,Roddam,,Bucharla,Roddam,261552,14.1428,77.46944
Andhra Pradesh_2024,Sri Sathya Sai,Roddam,,Bucharla,Roddam,261552,14.14279,77.46942
Andhra Pradesh_2024,Sri Sathya Sai,Mudigubba,Mg,Uppalapadu,Mudigubba,268741,14.42063,77.91503
Andhra Pradesh_2024,Y.S.R. Kadapa,Chakrayapet,Rajupalle,Rajupalle,Chakrayapet,267271,14.21435,78.47076
Andhra Pradesh_2024,Y.S.R. Kadapa,Mylavaram,Mylavaram,Thorri Vemula,Mylavaram,268512,14.89747,78.3124
Andhra Pradesh_2024,Y.S.R. Kadapa,Pulivendla,,Pulivendla (M),Pulivendla,267101,14.42597,78.23207
Andhra Pradesh_2024,Sri Sathya Sai,Mudigubba,Mg,Budanampalle,Mudigubba,261561,14.44675,77.89048
Andhra Pradesh_2024,Sri Sathya Sai,Lepakshi,Lepakshi,Lepakshi,Lepakshi,264965,13.80575,77.60294
Andhra Pradesh_2024,Y.S.R. Kadapa,Pulivendla,Pulivendula,,Pulivendla,,14.44962,78.23309
Andhra Pradesh_2024,Sri Sathya Sai,Bathalapalle,Bh,Dampetla,Bathalapalle,262257,14.46239,77.89
Andhra Pradesh_2024,Y.S.R. Kadapa,Mylavaram,Mylavaram,Mylavaram,Mylavaram,265787,14.85299,78.33829
Andhra Pradesh_2024,Y.S.R. Kadapa,Pulivendla,,Pulivendla (M),Pulivendla,267101,14.44275,78.22899
Andhra Pradesh_2024,Sri Sathya Sai,Nambulipulikunta,,Gootibylu,Nambulipulikunta,262961,14.02742,78.31715
Andhra Pradesh_2024,Sri Sathya Sai,Roddam,,Thurakalapatnam,Roddam,268570,14.08925,77.49255
Andhra Pradesh_2024,Sri Sathya Sai,Roddam,,Thurakalapatnam,Roddam,268570,14.08792,77.48866
Andhra Pradesh_2024,NTR,Reddigudem,,Mutchinapalle,Reddigudem,265757,16.93534,80.72364
Andhra Pradesh_2024,Sri Sathya Sai,Roddam,,Thurakalapatnam,Roddam,268570,14.08929,77.49254
Andhra Pradesh_2024,Y.S.R. Kadapa,Pulivendla,PULIVENDULA,Rayalapuram,Pulivendla,,14.43008,78.24641
Andhra Pradesh_2024,Sri Sathya Sai,Lepakshi,Lepakshi,Sirivaram,Lepakshi,267943,13.75933,77.57436
Andhra Pradesh_2024,Y.S.R. Kadapa,Pulivendla,,Kachivaripalle,Pulivendla,263649,14.40121,78.23761
Andhra Pradesh_2024,NTR,Nandigama,NANDIGAMA,Nandigama (U)(P),Nandigama,265944,16.76959,80.28413
Andhra Pradesh_2024,Sri Sathya Sai,Tadimarri,Ta,Maravapalle Agraharam,Tadimarri,265347,14.52093,77.86659
Andhra Pradesh_2024,Sri Sathya Sai,Parigi,Parigi,Kodigenahalli,Parigi,264181,13.85644,77.48117
Andhra Pradesh_2024,Y.S.R. Kadapa,Brahmamgarimattam,Bramhamgarimattam,Darbhavariagraharam,Brahmamgarimattam,262289,14.71895,78.94264
Andhra Pradesh_2024,Y.S.R. Kadapa,Jammalamadugu,Jammalamadugu,Jammalamadugu (NP),Jammalamadugu,263496,14.84498,78.38358
Andhra Pradesh_2024,Y.S.R. Kadapa,Jammalamadugu,Jammalamadugu,Jammalamadugu (NP),Jammalamadugu,263496,14.83653,78.39295
Andhra Pradesh_2024,NTR,Reddigudem,,Rangapuram,Reddigudem,267392,16.85151,80.72671
Andhra Pradesh_2024,Y.S.R. Kadapa,Jammalamadugu,Jammalamadugu,Kannelur,Jammalamadugu,263900,14.83504,78.38684
Andhra Pradesh_2024,Sri Sathya Sai,Lepakshi,Lepakshi,Kodihalli,Lepakshi,264183,13.79986,77.5467
Andhra Pradesh_2024,Sri Sathya Sai,Puttaparthi,Peddaballi,Pedaballe,Puttaparthi,266612,14.05584,77.77267
Andhra Pradesh_2024,Y.S.R. Kadapa,Chennur,,Chennur,Chennur,261823,14.55655,78.79483
Andhra Pradesh_2024,Sri Sathya Sai,Bathalapalle,Bh,Malyavantham,Bathalapalle,265226,14.56782,77.78161
Andhra Pradesh_2024,Sri Sathya Sai,Parigi,Parigi,Parigi,Parigi,266504,13.88762,77.4669
Andhra Pradesh_2024,Y.S.R. Kadapa,Chennur,,Chennur,Chennur,261823,14.56294,78.80164
Andhra Pradesh_2024,Sri Sathya Sai,Parigi,Parigi,Narasapuram,Parigi,265985,13.93413,77.43007
Andhra Pradesh_2024,NTR,Vissannapet,,Vissannapet,Vissannapet,269301,16.94947,80.77407
Andhra Pradesh_2024,Sri Sathya Sai,Mudigubba,M,Mangalamadaka,Mudigubba,265291,14.309,77.97898
Andhra Pradesh_2024,NTR,Vissannapet,,Putrela,Vissannapet,267161,17.02346,80.72771
Andhra Pradesh_2024,Y.S.R. Kadapa,Peddamudium,Peddamudium,Pedda Pasupalle,Peddamudium,266697,14.88506,78.44717
Andhra Pradesh_2024,Y.S.R. Kadapa,Brahmamgarimattam,Bramhamgarimattam,Somireddipalle,Brahmamgarimattam,268025,14.82726,78.87872
Andhra Pradesh_2024,Y.S.R. Kadapa,Peddamudium,Peddamudium,Nemalladinne,Peddamudium,266131,14.95844,78.48047
Andhra Pradesh_2024,Y.S.R. Kadapa,Kamalapuram,,Letapalle,Kamalapuram,264966,14.50946,78.59448
Andhra Pradesh_2024,Y.S.R. Kadapa,Kamalapuram,,Kamalapuram,Kamalapuram,263799,14.58236,78.65364
Andhra Pradesh_2024,Y.S.R. Kadapa,Kamalapuram,,Kamalapuram,Kamalapuram,263799,14.58239,78.65361
Andhra Pradesh_2024,Y.S.R. Kadapa,Khajipet,,Khajipet Sunkesula,Khajipet,264131,14.64648,78.76112
Andhra Pradesh_2024,Y.S.R. Kadapa,Khajipet,,Dumpalagattu,Khajipet,262535,14.61302,78.78298
Andhra Pradesh_2024,Sri Sathya Sai,Tanakal,,Malreddipalle,Tanakal,265223,13.81416,78.14119
Andhra Pradesh_2024,Sri Sathya Sai,Amadagur,,Chinaganipalle,Amadagur,261931,13.87251,77.98604
Andhra Pradesh_2024,Sri Sathya Sai,Amadagur,,Amadagur,Amadagur,260742,13.89313,78.01701
Andhra Pradesh_2024,Sri Sathya Sai,Kadiri,Kadiri,Kalasamudram,Kadiri,263726,14.20223,78.11501
Andhra Pradesh_2024,Sri Sathya Sai,Amadagur,,Mohammadabad,Amadagur,265553,13.96892,78.00708
Andhra Pradesh_2024,Sri Sathya Sai,Kadiri,Kadiri,Yerradoddi,Kadiri,269433,14.17511,78.12125
Andhra Pradesh_2024,Sri Sathya Sai,Kadiri,Kadiri,Kondamanayanipalem,Kadiri,264358,14.14686,78.14961
Andhra Pradesh_2024,Sri Sathya Sai,Kadiri,Kadiri,Kadiri (Rural),Kadiri,263666,14.11846,78.15621
Andhra Pradesh_2024,Sri Sathya Sai,Kadiri,Kadiri,Kowlepalle,Kadiri,264679,14.09285,78.16408
Andhra Pradesh_2024,Sri Sathya Sai,Kadiri,Kadiri,Kadiri (Rural),Kadiri,263666,14.10994,78.16172
Andhra Pradesh_2024,Sri Sathya Sai,Dharmavaram,G,Kunuthuru(Rural),Dharmavaram,264809,14.4164,77.70525
Andhra Pradesh_2024,Sri Sathya Sai,Nallacheruvu,Nallacheruvu,Panthulacheruvu,Nallacheruvu,266456,14.18562,78.12241
Andhra Pradesh_2024,Sri Sathya Sai,Dharmavaram,K,Kunuthuru(Rural),Dharmavaram,264809,14.42906,77.68774
Andhra Pradesh_2024,Sri Sathya Sai,Amadagur,,Pulakuntlapalle,Amadagur,267080,13.89276,78.09976
Andhra Pradesh_2024,Sri Sathya Sai,Mudigubba,Mg,Mangalamadaka,Mudigubba,265291,14.30909,77.97852
Andhra Pradesh_2024,Sri Sathya Sai,Nallacheruvu,Nallacheruvu,Maddimadugu,Nallacheruvu,265069,14.01306,78.14154
Andhra Pradesh_2024,Sri Sathya Sai,Dharmavaram,Rb,Regatipalle,Dharmavaram,267501,14.41321,77.71594
Andhra Pradesh_2024,Y.S.R. Kadapa,Chennur,,Chennur,Chennur,261823,14.56282,78.80169
Andhra Pradesh_2024,Y.S.R. Kadapa,Chennur,,Chennur,Chennur,261823,14.55929,78.79466
Andhra Pradesh_2024,Sri Sathya Sai,Chennekothapalle,,Nagasamudram,Chennekothapalle,265847,14.31391,77.63323
Andhra Pradesh_2024,Y.S.R. Kadapa,Peddamudium,Peddamudium,Pedda Pasupalle,Peddamudium,266697,14.86791,78.38975
Andhra Pradesh_2024,Y.S.R. Kadapa,Jammalamadugu,Jammalamadugu,Kannelur,Jammalamadugu,263900,14.83498,78.38696
Andhra Pradesh_2024,Sri Sathya Sai,Tanakal,,Tanakal,Tanakal,268278,13.92985,78.19154
Andhra Pradesh_2024,Sri Sathya Sai,Dharmavaram,O,Mallakalva,Dharmavaram,265187,14.38119,77.78098
Andhra Pradesh_2024,Y.S.R. Kadapa,Khajipet,,Dumpalagattu,Khajipet,262535,14.61303,78.78299
Andhra Pradesh_2024,Sri Sathya Sai,Dharmavaram,C,Ravulacheruvu,Dharmavaram,267448,14.40358,77.74177
Andhra Pradesh_2024,Y.S.R. Kadapa,Khajipet,,Khajipet Sunkesula,Khajipet,264131,14.64633,78.76108
Andhra Pradesh_2024,Y.S.R. Kadapa,Mylavaram,Mylavaram,Mylavaram,Mylavaram,265787,14.85298,78.33827
Andhra Pradesh_2024,Sri Sathya Sai,Puttaparthi,Beedupalli,Beedupalle,Puttaparthi,261249,14.14627,77.8117
Andhra Pradesh_2024,Y.S.R. Kadapa,Mylavaram,Mylavaram,Thorri Vemula,Mylavaram,268512,14.89748,78.31236
Andhra Pradesh_2024,Sri Sathya Sai,Puttaparthi,Munsipal office puttaparthi,Puttaparthi,Puttaparthi,267164,14.16933,77.81143
Andhra Pradesh_2024,Sri Sathya Sai,Chennekothapalle,,Kanumukkala,Chennekothapalle,263915,14.30197,77.75421
Andhra Pradesh_2024,Sri Sathya Sai,Chennekothapalle,,Kanumukkala,Chennekothapalle,263915,14.30194,77.75417
Andhra Pradesh_2024,Sri Sathya Sai,Bukkapatnam,Bukkapatanam,Bukkapatnam,Bukkapatnam,261587,14.19517,77.81007
Andhra Pradesh_2024,Sri Sathya Sai,Hindupur,Hindupur,Hindupur,Hindupur,263298,13.84002,77.50251
Andhra Pradesh_2024,Sri Sathya Sai,Hindupur,Hindupur,Hindupur,Hindupur,263298,13.83905,77.4866
Andhra Pradesh_2024,Sri Sathya Sai,Hindupur,Hindupur,Hindupur,Hindupur,263298,13.82533,77.49936
Andhra Pradesh_2024,Sri Sathya Sai,Hindupur,Hindupur,Hindupur,Hindupur,263298,13.81291,77.50082
Andhra Pradesh_2024,Y.S.R. Kadapa,Kamalapuram,,Letapalle,Kamalapuram,264966,14.5094,78.5947
Andhra Pradesh_2024,Sri Sathya Sai,Kothacheruvu,Keshapuram,Kesapuram,Kothacheruvu,264111,14.25992,77.77369
Andhra Pradesh_2024,Sri Sathya Sai,Hindupur,Hindupur,Hindupur,Hindupur,263298,13.8038,77.498
Andhra Pradesh_2024,Sri Sathya Sai,Kothacheruvu,Kodapaganipalli,Kodapaganipalle,Kothacheruvu,264175,14.23614,77.75229
Andhra Pradesh_2024,Y.S.R. Kadapa,Kamalapuram,,Kamalapuram,Kamalapuram,263799,14.58255,78.65356
Andhra Pradesh_2024,Sri Sathya Sai,Hindupur,Hindupur,Thumukunta,Hindupur,268563,13.73105,77.49922
Andhra Pradesh_2024,Sri Sathya Sai,Hindupur,Hindupur,Hindupur,Hindupur,263298,13.81295,77.4873
Andhra Pradesh_2024,Sri Sathya Sai,Hindupur,Hindupur,Hindupur,Hindupur,263298,13.83243,77.4939
Andhra Pradesh_2024,Sri Sathya Sai,Tadimarri,Ta,Tadimarri,Tadimarri,268225,14.56004,77.85925
Andhra Pradesh_2024,Sri Sathya Sai,Mudigubba,Mudigubba,Gunjepalle,Mudigubba,263210,14.35328,77.99418
Andhra Pradesh_2024,Sri Sathya Sai,Dharmavaram,C,Chigicherla,Dharmavaram,261869,14.52309,77.67374
Andhra Pradesh_2024,Annamayya,Galiveedu,,Galiveedu,Galiveedu,262701,14.0174,78.52688
Andhra Pradesh_2024,Annamayya,Chinnamandem,,Chinnamandem,Chinnamandem,262015,13.94937,78.68871
Andhra Pradesh_2024,Sri Sathya Sai,Tanakal,,Cheekatimanipalle,Tanakal,261745,13.82921,78.24134
Andhra Pradesh_2024,Sri Sathya Sai,Mudigubba,Mudigubba,Malakavemula,Mudigubba,265172,14.25763,78.06351
Andhra Pradesh_2024,Sri Sathya Sai,Tanakal,,Balasamudram,Tanakal,261128,13.88055,78.2196
Andhra Pradesh_2024,Sri Sathya Sai,Madakasira,Madakasira,Madakasira,Madakasira,265051,13.9364,77.28727
Andhra Pradesh_2024,Sri Sathya Sai,Puttaparthi,Kappalabanda,Kappala Banda,Puttaparthi,263934,14.15642,77.76796
Andhra Pradesh_2024,Sri Sathya Sai,Madakasira,Madakasira,Madakasira,Madakasira,265051,13.93404,77.26546
Andhra Pradesh_2024,Sri Sathya Sai,Kothacheruvu,Kothacharuvu,Kothacheruvu,Kothacheruvu,264550,14.18435,77.76418
Andhra Pradesh_2024,Y.S.R. Kadapa,Chapad,,Vedurur,Chapad,268989,14.65772,78.66443
Andhra Pradesh_2024,Y.S.R. Kadapa,Chapad,,Chapad,Chapad,261709,14.72703,78.65028
Andhra Pradesh_2024,Sri Sathya Sai,Madakasira,Madakasira,Anantapuram,Madakasira,260822,13.95974,77.34298
Andhra Pradesh_2024,Sri Sathya Sai,Tadimarri,T,Maravapalle Agraharam,Tadimarri,265347,14.52122,77.86677
Andhra Pradesh_2024,Sri Sathya Sai,Tadimarri,Ta,Dadithota,Tadimarri,262220,14.58715,77.95561
Andhra Pradesh_2024,Vizianagaram,Vizianagaram,,Vantitadi Agraharam,Vizianagaram,268920,18.0922,83.38703
Andhra Pradesh_2024,Sri Sathya Sai,Ramagiri,,Ramagiri,Ramagiri,267305,14.31109,77.50542
Andhra Pradesh_2024,Sri Sathya Sai,Ramagiri,,Ramagiri,Ramagiri,267305,14.31109,77.5054
Andhra Pradesh_2024,Sri Sathya Sai,Madakasira,Madakasira,Madakasira,Madakasira,265051,13.93403,77.26547
Andhra Pradesh_2024,Sri Sathya Sai,Kadiri,Kadiri,Kalasamudram,Kadiri,263726,14.20239,78.11493
Andhra Pradesh_2024,NTR,Vissannapet,,Putrela,Vissannapet,267161,17.02334,80.7278
Andhra Pradesh_2024,Sri Sathya Sai,Gandlapenta,Gandlapenta,Malameedapalli,Gandlapenta,265173,14.02259,78.27407
Andhra Pradesh_2024,Sri Sathya Sai,Tanakal,,Cheekatimanipalle,Tanakal,261745,13.82918,78.24129
Andhra Pradesh_2024,Sri Sathya Sai,Gandlapenta,Gandlapenta,Somayajulapalle,Gandlapenta,268019,14.09531,78.27281
Andhra Pradesh_2024,Sri Sathya Sai,Chennekothapalle,K,Kanumukkala,Chennekothapalle,263915,14.30192,77.75415
Andhra Pradesh_2024,Sri Sathya Sai,Gandlapenta,Gandlapenta,Gandlapenta,Gandlapenta,262716,14.09394,78.27364
Andhra Pradesh_2024,Sri Sathya Sai,Roddam,Roddam,Nallur,Roddam,265916,14.04665,77.43681
Andhra Pradesh_2024,Sri Sathya Sai,Gandlapenta,Gandlapenta,Thummalabylu,Gandlapenta,268548,14.10414,78.24097
Andhra Pradesh_2024,Sri Sathya Sai,Talupula,Talupula,Talupula,Talupula,268265,14.24623,78.2507
Andhra Pradesh_2024,Sri Sathya Sai,Talupula,Talupula,Kurli,Talupula,264833,14.24839,78.18953
Andhra Pradesh_2024,NTR,Tiruvuru,,Munukulla,Tiruvuru,265726,17.11453,80.5791
Andhra Pradesh_2024,Y.S.R. Kadapa,Atlur,A,Atlur,Atlur,261029,14.56445,79.03424
Andhra Pradesh_2024,NTR,Vissannapet,,Vissannapet,Vissannapet,269301,16.94969,80.77403
Andhra Pradesh_2024,NTR,A.Konduru,,Kambampadu,A.Konduru,263814,16.98788,80.65786
Andhra Pradesh_2024,Y.S.R. Kadapa,Jammalamadugu,Jammalamadugu,Jammalamadugu (NP),Jammalamadugu,263496,14.84515,78.38327
Andhra Pradesh_2024,NTR,Chandarlapadu,NANDIGAMA,Chandarlapadu,Chandarlapadu,261688,16.70176,80.20064
Andhra Pradesh_2024,East Godavari,Undrajavaram,,Undrajavaram,Undrajavaram,268728,16.78826,81.70823
Andhra Pradesh_2024,NTR,Gampalagudem,,Utukuru,Gampalagudem,268786,17.01064,80.42982
Andhra Pradesh_2024,Tirupati,Renigunta,,Annasanipalle,Renigunta,260898,13.64047,79.51861
Andhra Pradesh_2024,Y.S.R. Kadapa,Gopavaram,,Madakalavaripalle,Gopavaram,265050,14.74412,79.07598
Andhra Pradesh_2024,NTR,Nandigama,NANDIGAMA,Nandigama (U)(P),Nandigama,265944,16.76951,80.28396
Andhra Pradesh_2024,Parvathipuram Manyam,Jiyyammavalasa,,Jiyyammavalasa,Jiyyammavalasa,263579,18.78307,83.60119
Andhra Pradesh_2024,Y.S.R. Kadapa,Gopavaram,G,Brahmanapalle,Gopavaram,261534,14.60909,79.16138
Andhra Pradesh_2024,NTR,Reddigudem,,Mutchinapalle,Reddigudem,265757,16.8979,80.69285
Andhra Pradesh_2024,Sri Sathya Sai,Bukkapatnam,Marala,Marala,Bukkapatnam,265343,14.31028,77.92708
Andhra Pradesh_2024,Y.S.R. Kadapa,Gopavaram,C,Gopavaram,Gopavaram,262987,14.66944,79.15362
Andhra Pradesh_2024,Sri Sathya Sai,Bukkapatnam,Pamdurthi,Pamudurthi,Bukkapatnam,266410,14.272,77.96759
Andhra Pradesh_2024,Chittoor,Bangarupalem,,Thumba Kuppam,Bangarupalem,268542,13.24298,78.92621
Andhra Pradesh_2024,NTR,Vissannapet,,Putrela,Vissannapet,267161,17.02355,80.72753
Andhra Pradesh_2024,Sri Sathya Sai,Madakasira,Madakasira,Madakasira,Madakasira,265051,13.93833,77.2642
Andhra Pradesh_2024,Sri Sathya Sai,Bukkapatnam,Gunipalli,Gunipalle,Bukkapatnam,263207,14.27521,77.90183
Andhra Pradesh_2024,Chittoor,Bangarupalem,,Ragimanipenta,Bangarupalem,267220,13.13977,78.90855
Andhra Pradesh_2024,Y.S.R. Kadapa,Khajipet,,Khajipet Sunkesula,Khajipet,264131,14.61306,78.78283
Andhra Pradesh_2024,Chittoor,Bangarupalem,,Gollapalli,Bangarupalem,262934,13.19089,78.90837
Andhra Pradesh_2024,Sri Sathya Sai,Madakasira,Madakasira,Madakasira,Madakasira,265051,13.93641,77.28727
Andhra Pradesh_2024,Y.S.R. Kadapa,Jammalamadugu,Jammalamadugu,Jammalamadugu (NP),Jammalamadugu,263496,14.84514,78.38324
Andhra Pradesh_2024,Y.S.R. Kadapa,Khajipet,,Khajipet Sunkesula,Khajipet,264131,14.64624,78.7609
Andhra Pradesh_2024,Y.S.R. Kadapa,Badvel,Badvel,Badvel (P) (U),Badvel,261092,14.74014,79.0625
Andhra Pradesh_2024,Sri Sathya Sai,Madakasira,Madakasira,Anantapuram,Madakasira,260822,13.95974,77.343
Andhra Pradesh_2024,NTR,Kanchikacherla,NANDIGAMA,Kanchikacherla,Kanchikacherla,263857,16.67411,80.39668
Andhra Pradesh_2024,Y.S.R. Kadapa,Vontimitta,M,Mantapampalle,Vontimitta,265323,14.32356,79.07506
Andhra Pradesh_2024,Y.S.R. Kadapa,Vontimitta,V,Vontimetta,Vontimitta,269335,14.41295,79.02803
Andhra Pradesh_2024,Y.S.R. Kadapa,Sidhout,P,Peddapalle,Sidhout,266752,14.41171,78.96566
Andhra Pradesh_2024,Y.S.R. Kadapa,Chapad,,Vedurur,Chapad,268989,14.65769,78.66444
Andhra Pradesh_2024,NTR,Tiruvuru,,Laxmipuram,Tiruvuru,264958,17.08477,80.62313
Andhra Pradesh_2024,Y.S.R. Kadapa,Chapad,,Chapad,Chapad,261709,14.72698,78.65045
Andhra Pradesh_2024,Y.S.R. Kadapa,Sidhout,T,Lingampalle,Sidhout,264988,14.47992,78.87424
Andhra Pradesh_2024,NTR,G.Konduru,,Koduru,G.Konduru,264200,16.6852,80.58105
Andhra Pradesh_2024,NTR,Vissannapet,,Korlamanda,Vissannapet,264488,17.0168,80.77703
Andhra Pradesh_2024,NTR,G.Konduru,,Kuntamukkala,G.Konduru,264801,16.72083,80.62181
Andhra Pradesh_2024,Y.S.R. Kadapa,Sidhout,Rajempeta s,Sithout @ Siddavattam,Sidhout,267954,14.4694,78.95652
Andhra Pradesh_2024,Sri Sathya Sai,Ramagiri,,Ganthimarri,Ramagiri,262786,14.36456,77.60201
Andhra Pradesh_2024,Sri Sathya Sai,Ramagiri,,Ganthimarri,Ramagiri,262786,14.36457,77.60185
Andhra Pradesh_2024,Sri Sathya Sai,Nambulipulikunta,,Gootibylu,Nambulipulikunta,262961,14.0275,78.3171
Andhra Pradesh_2024,Parvathipuram Manyam,Komarada,,Komarada,Komarada,264259,18.90327,83.46333
Andhra Pradesh_2024,Sri Sathya Sai,Kothacheruvu,Kodapaganipalli,Kodapaganipalle,Kothacheruvu,264175,14.23621,77.75241
Andhra Pradesh_2024,Sri Sathya Sai,Kothacheruvu,Thalamarla,Talamarla,Kothacheruvu,268240,14.219,77.72518
Andhra Pradesh_2024,Sri Sathya Sai,Nambulipulikunta,,Gowkanapalle,Nambulipulikunta,263068,14.17525,78.41009
Andhra Pradesh_2024,Y.S.R. Kadapa,Brahmamgarimattam,Bramhamgarimattam,Pulugurallapalle,Brahmamgarimattam,267118,14.88105,78.92914
Andhra Pradesh_2024,Chittoor,Gangadhara Nellore,,Ellapalle,Gangadhara Nellore,262604,13.226,79.15705
Andhra Pradesh_2024,NTR,Vissannapet,,Vissannapet,Vissannapet,269301,16.94935,80.77399
Andhra Pradesh_2024,NTR,Vissannapet,,Vissannapet,Vissannapet,,16.94967,80.77427
Andhra Pradesh_2024,Y.S.R. Kadapa,Chennur,,Chennur,Chennur,261823,14.56283,78.80179
Andhra Pradesh_2024,Sri Sathya Sai,Bathalapalle,B,Bathalapalle,Bathalapalle,261219,14.5181,77.76364
Andhra Pradesh_2024,Y.S.R. Kadapa,B.Kodur,B.kodur,Koduru,B.Kodur,264202,14.8851,78.97281
Andhra Pradesh_2024,Sri Sathya Sai,Nambulipulikunta,,Nambulapulikunta,Nambulipulikunta,265921,14.05437,78.41756
Andhra Pradesh_2024,Vizianagaram,Therlam,,Therlam,Therlam,268422,18.46314,83.50252
Andhra Pradesh_2024,NTR,Vissannapet,,Putrela,Vissannapet,267161,17.02334,80.72778
Andhra Pradesh_2024,Y.S.R. Kadapa,Chennur,,Chennur,Chennur,261823,14.55663,78.7949
Andhra Pradesh_2024,Y.S.R. Kadapa,B.Kodur,B.kodur,Madhavarayunipalle,B.Kodur,265100,14.87359,79.0198
Andhra Pradesh_2024,Chittoor,Gangadhara Nellore,,Vepanjeri,Gangadhara Nellore,269236,13.22245,79.22899
Andhra Pradesh_2024,Sri Sathya Sai,Parigi,Parigi,Narasapuram,Parigi,265985,13.93412,77.43005
Andhra Pradesh_2024,Chittoor,Gangadhara Nellore,,Tungundram,Gangadhara Nellore,268661,13.19462,79.264
Andhra Pradesh_2024,Y.S.R. Kadapa,B.Kodur,B.kodur,Kamakunta,B.Kodur,263796,14.83828,79.01847
Andhra Pradesh_2024,Y.S.R. Kadapa,Mylavaram,Mylavaram,Talamanchi Patnam,Mylavaram,268239,14.94674,78.30821
Andhra Pradesh_2024,Sri Sathya Sai,Mudigubba,M,Budanampalle,Mudigubba,261561,14.42117,77.91552
Andhra Pradesh_2024,Sri Sathya Sai,Mudigubba,M,Uppalapadu,Mudigubba,268741,14.42115,77.91551
Andhra Pradesh_2024,Sri Sathya Sai,Bathalapalle,B,Dampetla,Bathalapalle,262257,14.46118,77.88434
Andhra Pradesh_2024,Sri Sathya Sai,Parigi,Parigi,Seegipalle,Parigi,267779,13.94805,77.48654
Andhra Pradesh_2024,Sri Sathya Sai,Bathalapalle,B,Chennarayapatnam,Bathalapalle,261812,14.46097,77.80724
Andhra Pradesh_2024,Sri Sathya Sai,Bathalapalle,B,Malyavantham,Bathalapalle,265226,14.56782,77.78179
Andhra Pradesh_2024,Y.S.R. Kadapa,Porumamilla,S.Seshampalle,S.Seshampalle,Porumamilla,267583,14.9628,79.02336
Andhra Pradesh_2024,NTR,Vissannapet,,Vissannapet,Vissannapet,269301,16.94963,80.77431
Andhra Pradesh_2024,Y.S.R. Kadapa,Peddamudium,Peddamudium,Pedda Pasupalle,Peddamudium,266697,14.86787,78.38964
Andhra Pradesh_2024,Y.S.R. Kadapa,Jammalamadugu,Jammalamadugu,Jammalamadugu (NP),Jammalamadugu,263496,14.83654,78.39286
Andhra Pradesh_2024,NTR,Reddigudem,,Rangapuram,Reddigudem,267392,16.85086,80.72608
Andhra Pradesh_2024,Y.S.R. Kadapa,Jammalamadugu,Jammalamadugu,Kannelur,Jammalamadugu,263900,14.83499,78.38695
Andhra Pradesh_2024,Y.S.R. Kadapa,Jammalamadugu,Jammalamadugu,Jammalamadugu (NP),Jammalamadugu,263496,14.83682,78.38183
Andhra Pradesh_2024,NTR,Mylavaram,,Chandrala,Mylavaram,261693,16.76844,80.71511
Andhra Pradesh_2024,Y.S.R. Kadapa,Jammalamadugu,Jammalamadugu,Jammalamadugu (NP),Jammalamadugu,263496,14.84314,78.38141
Andhra Pradesh_2024,Y.S.R. Kadapa,Khajipet,,Khajipet Sunkesula,Khajipet,264131,14.64631,78.761
Andhra Pradesh_2024,NTR,Reddigudem,,Mutchinapalle,Reddigudem,265757,16.93743,80.72255
Andhra Pradesh_2024,Vizianagaram,Vizianagaram,,Vantitadi Agraharam,Vizianagaram,268920,18.09212,83.38701
Andhra Pradesh_2024,Y.S.R. Kadapa,Khajipet,,Dumpalagattu,Khajipet,262535,14.6131,78.78294
Andhra Pradesh_2024,Y.S.R. Kadapa,Mylavaram,Mylavaram,Mylavaram,Mylavaram,265787,14.85293,78.33821
Andhra Pradesh_2024,NTR,Mylavaram,,Mylavaram,Mylavaram,265786,16.77395,80.64013
Andhra Pradesh_2024,NTR,A.Konduru,,Cheemalapadu,A.Konduru,261753,16.8848,80.64266
Andhra Pradesh_2024,NTR,A.Konduru,,Konduru,A.Konduru,264417,16.95944,80.64794
Andhra Pradesh_2024,NTR,A.Konduru,,Kambampadu,A.Konduru,263814,16.98794,80.65799
Andhra Pradesh_2024,Y.S.R. Kadapa,Jammalamadugu,Jammalamadugu,Jammalamadugu (NP),Jammalamadugu,263496,14.84507,78.38333
Andhra Pradesh_2024,Y.S.R. Kadapa,Chapad,,Vedurur,Chapad,268989,14.65771,78.66445
Andhra Pradesh_2024,Y.S.R. Kadapa,Brahmamgarimattam,Bramhamgarimattam,Somireddipalle,Brahmamgarimattam,268025,14.8273,78.87878
Andhra Pradesh_2024,Sri Sathya Sai,Chennekothapalle,,Kanumukkala,Chennekothapalle,263915,14.30194,77.75419
Andhra Pradesh_2024,Sri Sathya Sai,Chennekothapalle,,Kanumukkala,Chennekothapalle,263915,14.30194,77.7542
Andhra Pradesh_2024,Y.S.R. Kadapa,Brahmamgarimattam,Bramhamgarimattam,T.Soudaravaripalle,Brahmamgarimattam,268207,14.82673,78.95128
Andhra Pradesh_2024,Sri Sathya Sai,Chennekothapalle,,Poletipalle,Chennekothapalle,266958,14.26652,77.6822
Andhra Pradesh_2024,Sri Sathya Sai,Chennekothapalle,,Poletipalle,Chennekothapalle,266958,14.26654,77.68226
Andhra Pradesh_2024,Y.S.R. Kadapa,Porumamilla,Porumamilla,Pulliveedu,Porumamilla,267112,14.9574,78.96968
Andhra Pradesh_2024,Y.S.R. Kadapa,Pulivendla,,K.Velamanavanipalle,Pulivendla,263643,14.40088,78.23768
Andhra Pradesh_2024,Y.S.R. Kadapa,Pulivendla,,Pulivendla (M),Pulivendla,267101,14.41552,78.21252
Andhra Pradesh_2024,Y.S.R. Kadapa,Chapad,,Chapad,Chapad,261709,14.72708,78.65035
Andhra Pradesh_2024,Y.S.R. Kadapa,Pulivendla,Pulivendula,K.Velamanavanipalle,Pulivendla,263643,14.37245,78.21865
Andhra Pradesh_2024,Sri Sathya Sai,Mudigubba,Mudigubba,Gunjepalle,Mudigubba,263210,14.35354,77.99404
Andhra Pradesh_2024,Sri Sathya Sai,Roddam,Roddam,Roddam,Roddam,267534,14.08584,77.42887
Andhra Pradesh_2024,Sri Sathya Sai,Amadagur,,Chinaganipalle,Amadagur,261931,13.87252,77.986
Andhra Pradesh_2024,Sri Sathya Sai,Amadagur,,Amadagur,Amadagur,260742,13.89311,78.01698
Andhra Pradesh_2024,Sri Sathya Sai,Dharmavaram,M,Ravulacheruvu,Dharmavaram,267448,14.43216,77.73383
Andhra Pradesh_2024,Sri Sathya Sai,Amadagur,,Mohammadabad,Amadagur,265553,13.96896,78.00709
Andhra Pradesh_2024,Sri Sathya Sai,Dharmavaram,M,Gotlur,Dharmavaram,263030,14.42762,77.73005
Andhra Pradesh_2024,Sri Sathya Sai,Puttaparthi,Peddabali,Pedaballe,Puttaparthi,266612,14.05608,77.77284
Andhra Pradesh_2024,East Godavari,Kadiam,,Vemagiri,Kadiam,269097,16.94031,81.80281
Andhra Pradesh_2024,Vizianagaram,Bondapalle,,Bondapalle,Bondapalle,261475,18.25811,83.33654
Andhra Pradesh_2024,Sri Sathya Sai,Amadagur,,Pulakuntlapalle,Amadagur,267080,13.8928,78.09978
Andhra Pradesh_2024,Vizianagaram,Bondapalle,,Nelivada,Bondapalle,266109,18.20304,83.36443
Andhra Pradesh_2024,East Godavari,Rajahmundry Rural,,Dowleswaram (Ct),Rajahmundry Rural,262506,16.96004,81.80014
Andhra Pradesh_2024,Parvathipuram Manyam,Veeraghattam,,Veeraghattam,Veeraghattam,269004,18.68811,83.60491
Andhra Pradesh_2024,Chittoor,Yadamarri,,Yadamari,Yadamarri,269357,13.16179,79.03946
Andhra Pradesh_2024,Sri Sathya Sai,Lepakshi,Lepakshi,Kodihalli,Lepakshi,264183,13.79982,77.54673
Andhra Pradesh_2024,Chittoor,Yadamarri,,184.Gollapalle,Yadamarri,260563,13.14026,79.02643
Andhra Pradesh_2024,Sri Sathya Sai,Kanaganapalle,,Thogarakunta,Kanaganapalle,268484,14.4874,77.46392
Andhra Pradesh_2024,Sri Sathya Sai,Kanaganapalle,,Thogarakunta,Kanaganapalle,268484,14.48739,77.46385
Andhra Pradesh_2024,Sri Sathya Sai,Kanaganapalle,,Kanaganapalle,Kanaganapalle,263838,14.455,77.52432
Andhra Pradesh_2024,Sri Sathya Sai,Kanaganapalle,,Kanaganapalle,Kanaganapalle,263838,14.45502,77.52434
Andhra Pradesh_2024,Sri Sathya Sai,Dharmavaram,Dm,Darsimala,Dharmavaram,262292,14.37186,77.81982
Andhra Pradesh_2024,Sri Sathya Sai,Lepakshi,Lepakshi,Lepakshi,Lepakshi,264965,13.80575,77.60293
Andhra Pradesh_2024,Chittoor,Peddapanjani,,Peddapanjani,Peddapanjani,266753,13.2927,78.68677
Andhra Pradesh_2024,Sri Sathya Sai,Dharmavaram,Sub,Mallakalva,Dharmavaram,265187,14.38119,77.78095
Andhra Pradesh_2024,Sri Sathya Sai,Dharmavaram,Chi,Ravulacheruvu,Dharmavaram,267448,14.40373,77.74169
Andhra Pradesh_2024,Sri Sathya Sai,Obuladevaracheruvu,ODC,Obuladevaracheruvu,Obuladevaracheruvu,266222,14.02424,77.99579
Andhra Pradesh_2024,Chittoor,Chittoor,,Chittoor (M + OG),Chittoor,262134,13.23472,79.10195
Andhra Pradesh_2024,Sri Sathya Sai,Obuladevaracheruvu,ODC,Tangedukunta,Obuladevaracheruvu,268283,13.9436,77.93313
Andhra Pradesh_2024,Chittoor,Chittoor,,Doddipalle,Chittoor,262453,13.23744,79.11892
Andhra Pradesh_2024,Chittoor,Chittoor,,Murakambattu (Ct),Chittoor,265732,13.24673,79.11875
Andhra Pradesh_2024,Sri Sathya Sai,Kothacheruvu,Kothacharuvu,Kothacheruvu,Kothacheruvu,264550,14.18437,77.76413
Andhra Pradesh_2024,Sri Sathya Sai,Obuladevaracheruvu,ODC,Kondakamarla,Obuladevaracheruvu,264338,14.06481,77.95614
Andhra Pradesh_2024,East Godavari,Seethanagaram,,Muggaulla,Seethanagaram,265648,17.14739,81.71805
Andhra Pradesh_2024,Sri Sathya Sai,Dharmavaram,Ktt,Chigicherla,Dharmavaram,261869,14.42974,77.71416
Andhra Pradesh_2024,Sri Sathya Sai,Talupula,Talupula,Vepamanipeta,Talupula,269233,14.22729,78.30563
Andhra Pradesh_2024,Sri Sathya Sai,Dharmavaram,C,Chigicherla,Dharmavaram,261869,14.52346,77.67372
Andhra Pradesh_2024,Sri Sathya Sai,Talupula,Talupula,Talupula,Talupula,268265,14.2462,78.25059
Andhra Pradesh_2024,Sri Sathya Sai,Dharmavaram,Kh,Kunuthuru(Rural),Dharmavaram,264809,14.43092,77.70669
Andhra Pradesh_2024,Sri Sathya Sai,Talupula,Talupula,Kurli,Talupula,264833,14.24841,78.18946
Andhra Pradesh_2024,Sri Sathya Sai,Chennekothapalle,,Nagasamudram,Chennekothapalle,265847,14.3139,77.6333
Andhra Pradesh_2024,Sri Sathya Sai,Chennekothapalle,,Nagasamudram,Chennekothapalle,265847,14.31378,77.63367
Andhra Pradesh_2024,Sri Sathya Sai,Bukkapatnam,Bukkapatanam,Bukkapatnam,Bukkapatnam,261587,14.19493,77.80993
Andhra Pradesh_2024,Chittoor,Punganur,,Punganuru (Rural),Punganur,267120,13.38641,78.58253
Andhra Pradesh_2024,Chittoor,Chittoor,,Narigapalle,Chittoor,266031,13.15563,79.10538
Andhra Pradesh_2024,Chittoor,Chittoor,,Chittoor (M + OG),Chittoor,262134,13.17899,79.09833
Andhra Pradesh_2024,Sri Sathya Sai,Roddam,Roddam,Peddamanthur,Roddam,266738,14.00217,77.43016
Andhra Pradesh_2024,Sri Sathya Sai,Roddam,Roddam,Kalipi,Roddam,263758,14.00195,77.43968
Andhra Pradesh_2024,Sri Sathya Sai,Rolla,,Ratnagiri,Rolla,267416,13.84396,77.10012
Andhra Pradesh_2024,Sri Sathya Sai,Rolla,,Ratnagiri,Rolla,267416,13.84397,77.10012
Andhra Pradesh_2024,Sri Sathya Sai,Rolla,,Rolla,Rolla,267535,13.84397,77.10011
Andhra Pradesh_2024,Sri Sathya Sai,Rolla,,Rolla,Rolla,267535,13.84397,77.10012
Andhra Pradesh_2024,Sri Sathya Sai,Agali,,Agali,Agali,260631,13.79685,77.04881
Andhra Pradesh_2024,Sri Sathya Sai,Agali,,Agali,Agali,260631,13.79684,77.0488
Andhra Pradesh_2024,Sri Sathya Sai,Agali,,Agali,Agali,260631,13.79684,77.04882
Andhra Pradesh_2024,Sri Sathya Sai,Gudibanda,,Morubagal,Gudibanda,265599,13.97769,77.04064
Andhra Pradesh_2024,Sri Sathya Sai,Gudibanda,,Morubagal,Gudibanda,265599,13.97767,77.04066
Andhra Pradesh_2024,Sri Sathya Sai,Dharmavaram,P,Kunuthuru(Rural),Dharmavaram,264809,14.42913,77.68774
Andhra Pradesh_2024,Sri Sathya Sai,Dharmavaram,Grc,Regatipalle,Dharmavaram,267501,14.41642,77.70522
Andhra Pradesh_2024,Sri Sathya Sai,Tanakal,,Tanakal,Tanakal,268278,13.92979,78.19155
Andhra Pradesh_2024,Sri Sathya Sai,Dharmavaram,Rb,Kunuthuru(Rural),Dharmavaram,264809,14.41321,77.71601
Andhra Pradesh_2024,Sri Sathya Sai,Amarapuram,,Hemavathi,Amarapuram,263294,14.02828,76.99042
Andhra Pradesh_2024,Sri Sathya Sai,Amarapuram,,Hemavathi,Amarapuram,263294,14.02827,76.99042
Andhra Pradesh_2024,Parvathipuram Manyam,Parvathipuram,,Parvathipuram,Parvathipuram,266522,18.77255,83.42719
Andhra Pradesh_2024,Sri Sathya Sai,Tanakal,,Kokkanti,Tanakal,264215,13.88053,78.21956
Andhra Pradesh_2024,Sri Sathya Sai,Amarapuram,,Amarapuram,Amarapuram,260754,14.11838,76.98154
Andhra Pradesh_2024,Sri Sathya Sai,Amarapuram,,Amarapuram,Amarapuram,260754,14.11837,76.98153
Andhra Pradesh_2024,Sri Sathya Sai,Amarapuram,,Amarapuram,Amarapuram,260754,14.11838,76.98153
Andhra Pradesh_2024,Sri Sathya Sai,Tanakal,,Cheekatimanipalle,Tanakal,261745,13.8293,78.24124
Andhra Pradesh_2024,Sri Sathya Sai,Gudibanda,,Kumbaranagehalli,Gudibanda,264761,14.01991,77.09692
Andhra Pradesh_2024,Sri Sathya Sai,Puttaparthi,Puttaparthi muncipal office,Puttaparthi,Puttaparthi,267164,14.1693,77.81146
Andhra Pradesh_2024,Sri Sathya Sai,Gudibanda,,Kumbaranagehalli,Gudibanda,264761,14.01988,77.09693
Andhra Pradesh_2024,Sri Sathya Sai,Puttaparthi,Beedupali high school,Beedupalle,Puttaparthi,261249,14.14632,77.81166
Andhra Pradesh_2024,Sri Sathya Sai,Puttaparthi,Bedupalli Mro office,Beedupalle,Puttaparthi,261249,14.14621,77.81182
Andhra Pradesh_2024,Sri Sathya Sai,Gudibanda,,Gudibanda,Gudibanda,263102,13.97691,77.10804
Andhra Pradesh_2024,Sri Sathya Sai,Gudibanda,,Gudibanda,Gudibanda,263102,13.9769,77.10803
Andhra Pradesh_2024,Sri Sathya Sai,Gudibanda,,Gudibanda,Gudibanda,263102,13.97691,77.10802
Andhra Pradesh_2024,Sri Sathya Sai,Gudibanda,,Mandalahalli,Gudibanda,265260,13.93977,77.10507
Andhra Pradesh_2024,Sri Sathya Sai,Gudibanda,,Mandalahalli,Gudibanda,265260,13.93976,77.10507
Andhra Pradesh_2024,Sri Sathya Sai,Gudibanda,,Kekathi,Gudibanda,264099,13.98618,77.15348
Andhra Pradesh_2024,Sri Sathya Sai,Gudibanda,,Kekathi,Gudibanda,264099,13.98622,77.15347
Andhra Pradesh_2024,Sri Sathya Sai,Roddam,Roddam,Naranagepalle,Roddam,265972,14.16189,77.40311
Andhra Pradesh_2024,Tirupati,Renigunta,,R. Mallavaram,Renigunta,267178,13.65781,79.5608
Andhra Pradesh_2024,NTR,A.Konduru,,Cheemalapadu,A.Konduru,261753,16.88809,80.65621
Andhra Pradesh_2024,NTR,Nandigama,NANDIGAMA,Chandapuram,Nandigama,261687,16.76021,80.27445
Andhra Pradesh_2024,Tirupati,Ramachandrapuram,,Kuppambaduru,Ramachandrapuram,,13.50954,79.39358
Andhra Pradesh_2024,Sri Sathya Sai,Tanakal,,Malreddipalle,Tanakal,265223,13.81414,78.14125
Andhra Pradesh_2024,Sri Sathya Sai,Nambulipulikunta,,Nambulapulikunta,Nambulipulikunta,265921,14.05448,78.41755
Andhra Pradesh_2024,Chittoor,Punganur,,Punganuru (Rural),Punganur,267120,13.36686,78.57199
Andhra Pradesh_2024,Chittoor,Punganur,,Melupatla,Punganur,265479,13.37161,78.57484
Andhra Pradesh_2024,Chittoor,Punganur,,Melupatla,Punganur,265479,13.37171,78.57654
Andhra Pradesh_2024,Sri Sathya Sai,Nambulipulikunta,,Gootibylu,Nambulipulikunta,262961,14.02747,78.31706
Andhra Pradesh_2024,NTR,Jaggayyapeta,NANDIGAMA,Jaggayyapeta (U),Jaggayyapeta,263454,16.89508,80.09629
Andhra Pradesh_2024,NTR,Jaggayyapeta,NANDIGAMA,Jaggayyapeta (U),Jaggayyapeta,263454,16.901,80.10081
Andhra Pradesh_2024,NTR,Jaggayyapeta,NANDIGAMA,Jaggayyapeta (U),Jaggayyapeta,263454,16.90496,80.10163
Andhra Pradesh_2024,NTR,Jaggayyapeta,NANDIGAMA,Jaggayyapeta (U),Jaggayyapeta,263454,16.89277,80.09786
Andhra Pradesh_2024,Chittoor,Yadamarri,,Yadamari,Yadamarri,269357,13.16178,79.03945
Andhra Pradesh_2024,Chittoor,Yadamarri,,184.Gollapalle,Yadamarri,260563,13.14028,79.02632
Andhra Pradesh_2024,Tirupati,Yerpedu,,Yerpedu,Yerpedu,269427,13.69271,79.58833
Andhra Pradesh_2024,Vizianagaram,Vizianagaram,,Kanapaka,Vizianagaram,263843,18.12045,83.38789
Andhra Pradesh_2024,Vizianagaram,Jami,,Jami,Jami,263489,17.99264,83.33745
Andhra Pradesh_2024,Chittoor,Gangadhara Nellore,,Vepanjeri,Gangadhara Nellore,269236,13.2225,79.22894
Andhra Pradesh_2024,Chittoor,Gangadhara Nellore,,Tungundram,Gangadhara Nellore,268661,13.19495,79.26413
Andhra Pradesh_2024,Chittoor,Gangadhara Nellore,,Ellapalle,Gangadhara Nellore,262604,13.22604,79.15709
Andhra Pradesh_2024,East Godavari,Rajanagaram,,Rajanagaram,Rajanagaram,,17.07542,81.90175
Andhra Pradesh_2024,NTR,Chandarlapadu,NANDIGAMA,Chintalapadu,Chandarlapadu,262066,16.64605,80.27958
Andhra Pradesh_2024,Tirupati,Puttur,,Parameswara Mangalam,Puttur,266490,13.45375,79.54855
Andhra Pradesh_2024,Tirupati,Ramachandrapuram,,Nadavaluru,Ramachandrapuram,,13.55199,79.4183
Andhra Pradesh_2024,Chittoor,Chittoor,,Thenebanda,Chittoor,268417,13.21853,79.09101
Andhra Pradesh_2024,East Godavari,Rajahmundry Urban,,Rajamahendravaram Municipality,Rajahmundry Urban,267237,17.01448,81.80689
Andhra Pradesh_2024,East Godavari,Tallapudi,Kovvuru,Paidimetta,Tallapudi,266318,17.13477,81.66239
Andhra Pradesh_2024,Tirupati,Buchinaidu Kandriga,,Pallamala,Buchinaidu Kandriga,266377,13.72685,79.78355
Andhra Pradesh_2024,East Godavari,Rajahmundry Rural,,Dowleswaram (Ct),Rajahmundry Rural,262506,16.95984,81.80016
Andhra Pradesh_2024,East Godavari,Kadiam,,Vemagiri,Kadiam,269097,16.94032,81.80276
Andhra Pradesh_2024,Tirupati,Puttur,,Putturu,Puttur,267168,13.4304,79.53609
Andhra Pradesh_2024,NTR,G.Konduru,,Koduru,G.Konduru,264200,16.68513,80.58108
Andhra Pradesh_2024,Tirupati,Vadamalapeta,,S.V. Puram,Vadamalapeta,267585,13.54074,79.52453
Andhra Pradesh_2024,NTR,G.Konduru,,Kuntamukkala,G.Konduru,264801,16.72086,80.62182
Andhra Pradesh_2024,Sri Sathya Sai,Puttaparthi,P,Kappala Banda,Puttaparthi,263934,14.15636,77.76796
Andhra Pradesh_2024,NTR,Reddigudem,,Rangapuram,Reddigudem,267392,16.85148,80.72671
Andhra Pradesh_2024,NTR,Mylavaram,,Mylavaram,Mylavaram,265786,16.7739,80.64021
Andhra Pradesh_2024,NTR,Reddigudem,,Reddigudem,Reddigudem,267479,16.87109,80.73337
Andhra Pradesh_2024,NTR,A.Konduru,,Cheemalapadu,A.Konduru,261753,16.88479,80.64268
Andhra Pradesh_2024,Sri Sathya Sai,Tanakal,,Cheekatimanipalle,Tanakal,261745,13.82913,78.24138
Andhra Pradesh_2024,Sri Sathya Sai,Tanakal,,Balasamudram,Tanakal,261128,13.88057,78.21959
Andhra Pradesh_2024,Sri Sathya Sai,Tanakal,,Balasamudram,Tanakal,261128,13.88057,78.21958
Andhra Pradesh_2024,Sri Sathya Sai,Tanakal,,Tanakal,Tanakal,268278,13.92982,78.19163
Andhra Pradesh_2024,Sri Sathya Sai,Tanakal,,Tanakal,Tanakal,268278,13.92986,78.1916
Andhra Pradesh_2024,NTR,Vissannapet,,Vissannapet,Vissannapet,269301,16.94962,80.7742
Andhra Pradesh_2024,NTR,Chandarlapadu,NANDIGAMA,Chandarlapadu,Chandarlapadu,261688,16.70174,80.20071
Andhra Pradesh_2024,NTR,Reddigudem,,Mutchinapalle,Reddigudem,265757,16.93672,80.71122
Andhra Pradesh_2024,Srikakulam,Hiramandalam,,Gotta,Hiramandalam,263032,18.68822,83.96472
Andhra Pradesh_2024,Srikakulam,Kothuru,,Nivagam,Kothuru,266183,18.78227,83.93607
Andhra Pradesh_2024,Srikakulam,Kothuru,,Kotturu,Kothuru,264658,18.77715,83.87376
Andhra Pradesh_2024,Srikakulam,Hiramandalam,,Hiramandalam,Hiramandalam,263299,18.66658,83.94999
Andhra Pradesh_2024,Srikakulam,Lakshminarsupeta,,Kovilam,Lakshminarsupeta,264668,18.66657,83.94996
Andhra Pradesh_2024,NTR,Kanchikacherla,NANDIGAMA,Moguluru,Kanchikacherla,265552,16.7176,80.3228
Andhra Pradesh_2024,NTR,Kanchikacherla,NANDIGAMA,Kanchikacherla,Kanchikacherla,263857,16.67414,80.39669
Andhra Pradesh_2024,NTR,Gampalagudem,,Utukuru,Gampalagudem,268786,17.01048,80.42984
Andhra Pradesh_2024,Sri Sathya Sai,Tanakal,,Malreddipalle,Tanakal,265223,13.81414,78.14119
Andhra Pradesh_2024,Sri Sathya Sai,Tanakal,,Malreddipalle,Tanakal,265223,13.81413,78.1412
Andhra Pradesh_2024,Sri Sathya Sai,Amadagur,,Pulakuntlapalle,Amadagur,267080,13.89271,78.09977
Andhra Pradesh_2024,NTR,Vissannapet,,Putrela,Vissannapet,267161,17.02346,80.72756
Andhra Pradesh_2024,Sri Sathya Sai,Amadagur,,Chinaganipalle,Amadagur,261931,13.87258,77.98597
Andhra Pradesh_2024,Sri Sathya Sai,Amadagur,,Chinaganipalle,Amadagur,261931,13.87249,77.98602
Andhra Pradesh_2024,Chittoor,Chittoor,,Greamspeta,Chittoor,263082,13.19991,79.09186
Andhra Pradesh_2024,Sri Sathya Sai,Amadagur,,Amadagur,Amadagur,260742,13.89313,78.01698
Andhra Pradesh_2024,Vizianagaram,Nellimarla,,Sathivada,Nellimarla,267744,18.17067,83.55082
Andhra Pradesh_2024,Chittoor,Chittoor,,Chittoor (M + OG),Chittoor,262134,13.18066,79.09604
Andhra Pradesh_2024,Chittoor,Chittoor,,Chittoor (M + OG),Chittoor,262134,13.18201,79.09634
Andhra Pradesh_2024,Sri Sathya Sai,Amadagur,,Mohammadabad,Amadagur,265553,13.96894,78.00713
Andhra Pradesh_2024,Sri Sathya Sai,Amadagur,,Mohammadabad,Amadagur,265553,13.96894,78.00711
Andhra Pradesh_2024,NTR,Gampalagudem,,Gampalagudem,Gampalagudem,262703,16.98996,80.51816
Andhra Pradesh_2024,NTR,Tiruvuru,,Chintalapadu,Tiruvuru,262065,17.03784,80.55825
Andhra Pradesh_2024,NTR,Tiruvuru,,Munukulla,Tiruvuru,265726,17.11511,80.57961
Andhra Pradesh_2024,Parvathipuram Manyam,Parvathipuram,,Parvathipuram,Parvathipuram,266522,18.77259,83.42702
Andhra Pradesh_2024,NTR,Tiruvuru,,Laxmipuram,Tiruvuru,264958,17.08463,80.62293
Andhra Pradesh_2024,NTR,Vissannapet,,Vemireddipalle,Vissannapet,269109,17.04896,80.76239
Andhra Pradesh_2024,NTR,A.Konduru,,Kambampadu,A.Konduru,263814,16.9879,80.65795
Andhra Pradesh_2024,Chittoor,Chittoor,,Chittoor (M + OG),Chittoor,262134,13.21885,79.1288
Andhra Pradesh_2024,NTR,A.Konduru,,Konduru,A.Konduru,264417,16.95953,80.64793
Andhra Pradesh_2024,Chittoor,Chittoor,,Chinthalagunta,Chittoor,262094,13.22634,79.12411
Andhra Pradesh_2024,Chittoor,Chittoor,,Chittoor (M + OG),Chittoor,262134,13.21323,79.11573
Andhra Pradesh_2024,Sri Sathya Sai,Roddam,Roddam,Chinnamanthur,Roddam,262016,14.00187,77.4397
Andhra Pradesh_2024,Vizianagaram,Vizianagaram,,Pinavemali,Vizianagaram,,18.08356,83.33178
Andhra Pradesh_2024,East Godavari,Korukonda,,Jambupatnam,Korukonda,263487,17.17811,81.83532
Andhra Pradesh_2024,East Godavari,Korukonda,,Gadala,Korukonda,262664,17.07675,81.81955
Andhra Pradesh_2024,Sri Sathya Sai,Chennekothapalle,,Chennekothapalle,Chennekothapalle,261821,14.26653,77.68221
Andhra Pradesh_2024,Sri Sathya Sai,Chennekothapalle,,Poletipalle,Chennekothapalle,266958,14.26653,77.68225
Andhra Pradesh_2024,East Godavari,Rajahmundry Urban,,Rajamahendravaram Municipality,Rajahmundry Urban,267237,17.01118,81.7778
Andhra Pradesh_2024,Chittoor,Puthalapattu,,Puthalapattu,Puthalapattu,267152,13.36119,79.08705
Andhra Pradesh_2024,Sri Sathya Sai,Gudibanda,,Kumbaranagehalli,Gudibanda,264761,14.01982,77.09695
Andhra Pradesh_2024,Sri Sathya Sai,Gudibanda,,Kumbaranagehalli,Gudibanda,264761,14.01985,77.09693
Andhra Pradesh_2024,Sri Sathya Sai,Gudibanda,,Kumbaranagehalli,Gudibanda,264761,14.01727,77.09656
Andhra Pradesh_2024,Sri Sathya Sai,Gudibanda,,Kumbaranagehalli,Gudibanda,264761,14.01982,77.09696
Andhra Pradesh_2024,Sri Sathya Sai,Amarapuram,,Amarapuram,Amarapuram,260754,14.11833,76.98152
Andhra Pradesh_2024,Sri Sathya Sai,Amarapuram,,Amarapuram,Amarapuram,260754,14.11836,76.98155
Andhra Pradesh_2024,Sri Sathya Sai,Amarapuram,,Amarapuram,Amarapuram,260754,14.1183,76.98159
Andhra Pradesh_2024,Sri Sathya Sai,Amarapuram,,Hemavathi,Amarapuram,263294,14.0283,76.99039
Andhra Pradesh_2024,Sri Sathya Sai,Amarapuram,,Hemavathi,Amarapuram,263294,14.02828,76.99038
Andhra Pradesh_2024,Sri Sathya Sai,Amarapuram,,Hemavathi,Amarapuram,263294,14.0278,76.99545
Andhra Pradesh_2024,Sri Sathya Sai,Gudibanda,,Morubagal,Gudibanda,265599,13.97768,77.04075
Andhra Pradesh_2024,Sri Sathya Sai,Gudibanda,,Morubagal,Gudibanda,265599,13.97768,77.04064
Andhra Pradesh_2024,Sri Sathya Sai,Gudibanda,,Morubagal,Gudibanda,265599,13.97761,77.04065
Andhra Pradesh_2024,Sri Sathya Sai,Gudibanda,,Mandalahalli,Gudibanda,265260,13.93974,77.10509
Andhra Pradesh_2024,Sri Sathya Sai,Gudibanda,,Mandalahalli,Gudibanda,265260,13.93983,77.1051
Andhra Pradesh_2024,Sri Sathya Sai,Gudibanda,,Mandalahalli,Gudibanda,265260,13.93979,77.10512
Andhra Pradesh_2024,Parvathipuram Manyam,Garugubilli,,Ullibhadra,Garugubilli,268719,18.75313,83.47909
Andhra Pradesh_2024,Sri Sathya Sai,Gudibanda,,Gudibanda,Gudibanda,263102,13.97687,77.10802
Andhra Pradesh_2024,Sri Sathya Sai,Gudibanda,,Gudibanda,Gudibanda,263102,13.97687,77.10806
Andhra Pradesh_2024,Sri Sathya Sai,Gudibanda,,Gudibanda,Gudibanda,263102,13.97673,77.10782
Andhra Pradesh_2024,Sri Sathya Sai,Gudibanda,,Kekathi,Gudibanda,264099,13.98619,77.1535
Andhra Pradesh_2024,Sri Sathya Sai,Gudibanda,,Kekathi,Gudibanda,264099,13.98612,77.15349
Andhra Pradesh_2024,Sri Sathya Sai,Gudibanda,,Kekathi,Gudibanda,264099,13.98621,77.15332
Andhra Pradesh_2024,Vizianagaram,Denkada,,Modavalasa,Denkada,265527,17.96603,83.41924
Andhra Pradesh_2024,NTR,Mylavaram,,Chandrala,Mylavaram,261693,16.76805,80.71251
Andhra Pradesh_2024,Srikakulam,Kaviti,Kaviti,Rajapuram,Kaviti,267245,19.04154,84.66131
Andhra Pradesh_2024,Srikakulam,Kaviti,Kaviti,Rajapuram,Kaviti,267245,19.04161,84.66137
Andhra Pradesh_2024,Sri Sathya Sai,Puttaparthi,Puttaparthi muncipal office,Puttaparthi,Puttaparthi,267164,14.16937,77.81139
Andhra Pradesh_2024,Sri Sathya Sai,Puttaparthi,Fire station puttaparthi,Kappala Banda,Puttaparthi,263934,14.15648,77.76796
Andhra Pradesh_2024,NTR,Nandigama,NANDIGAMA,Nandigama (U)(P),Nandigama,265944,16.76949,80.28401
Andhra Pradesh_2024,NTR,Nandigama,NANDIGAMA,Chandapuram,Nandigama,261687,16.76018,80.27448
Andhra Pradesh_2024,NTR,Chandarlapadu,NANDIGAMA,Chintalapadu,Chandarlapadu,262066,16.73572,80.25999
Andhra Pradesh_2024,Parvathipuram Manyam,Seethanagaram,,Pedabhogila,Seethanagaram,266618,18.66266,83.37142
Andhra Pradesh_2024,NTR,Chandarlapadu,NANDIGAMA,Chandarlapadu,Chandarlapadu,261688,16.7018,80.20069
Andhra Pradesh_2024,Chittoor,Gudipala,,Kothapalle,Gudipala,264595,13.12248,79.12186
Andhra Pradesh_2024,Chittoor,Gudipala,,190.Ramapuram,Gudipala,260564,13.11222,79.18958
Andhra Pradesh_2024,Chittoor,Chittoor,,Bakaranarasingarayanipe,Chittoor,261108,13.17191,79.20209
Andhra Pradesh_2024,Tirupati,Yerpedu,,Pallam,Yerpedu,266375,13.81263,79.58556
Andhra Pradesh_2024,Parvathipuram Manyam,Parvathipuram,,Parvathipuram,Parvathipuram,266522,18.7726,83.42713
Andhra Pradesh_2024,East Godavari,Rajanagaram,,Rajanagaram,Rajanagaram,267239,17.07532,81.90196
Andhra Pradesh_2024,East Godavari,Rajahmundry Urban,,Rajamahendravaram Municipality,Rajahmundry Urban,267237,17.01969,81.80702
Andhra Pradesh_2024,East Godavari,Rajahmundry Rural,,Dowleswaram (Ct),Rajahmundry Rural,262506,16.95971,81.80005
Andhra Pradesh_2024,Vizianagaram,Vizianagaram,,Kanapaka,Vizianagaram,263843,18.12047,83.38797
Andhra Pradesh_2024,Vizianagaram,Vizianagaram,,Vantitadi Agraharam,Vizianagaram,268920,18.09213,83.38702
Andhra Pradesh_2024,Vizianagaram,Rajam,,Saradhi,Rajam,267705,18.43722,83.66427
Andhra Pradesh_2024,Tirupati,Puttur,,Eswarapuram,Puttur,262631,13.45334,79.54857
Andhra Pradesh_2024,Chittoor,Gangadhara Nellore,,Ellapalle,Gangadhara Nellore,262604,13.22596,79.15702
Andhra Pradesh_2024,Chittoor,Gangadhara Nellore,,Vepanjeri,Gangadhara Nellore,269236,13.22244,79.2289
Andhra Pradesh_2024,Chittoor,Gangadhara Nellore,,Tungundram,Gangadhara Nellore,268661,13.19475,79.26402
Andhra Pradesh_2024,Parvathipuram Manyam,Komarada,,Komarada,Komarada,264259,18.90357,83.46316
Andhra Pradesh_2024,Srikakulam,Tekkali,Tekkali,Ravivalasa,Tekkali,267440,18.58826,84.24453
Andhra Pradesh_2024,Srikakulam,Tekkali,Tekkali,Tekkali (Ct),Tekkali,268316,18.60574,84.23552
Andhra Pradesh_2024,Vizianagaram,Jami,,Jami,Jami,263489,18.05474,83.25722
Andhra Pradesh_2024,Vizianagaram,Jami,,Jami,Jami,263489,18.05093,83.26746
Andhra Pradesh_2024,Kakinada,Pithapuram,,Pithapuram,Pithapuram,266920,17.10421,82.24529
Andhra Pradesh_2024,East Godavari,Kovvur,Kovvuru,Kovvur,Kovvur,264676,17.01194,81.73572
Andhra Pradesh_2024,East Godavari,Tallapudi,Kovvuru,Malakapalle,Tallapudi,265171,17.05955,81.66289
Andhra Pradesh_2024,Srikakulam,Saravakota,Saravakota,Saravakota,Saravakota,267714,18.59751,84.04868
Andhra Pradesh_2024,Srikakulam,Saravakota,Saravakota,Saravakota,Saravakota,267714,18.58901,84.05014
Andhra Pradesh_2024,East Godavari,Chagallu,Kovvuru,Chagallu,Chagallu,261640,16.99765,81.66855
Andhra Pradesh_2024,East Godavari,Chagallu,Kovvuru,Brahmanagudem,Chagallu,261529,16.92895,81.67734
Andhra Pradesh_2024,Sri Sathya Sai,Nambulipulikunta,,Nambulapulikunta,Nambulipulikunta,265921,14.05437,78.41753
Andhra Pradesh_2024,East Godavari,Nidadavole,Kovvuru,Nidadavole,Nidadavole,266151,16.90594,81.66401
Andhra Pradesh_2024,Sri Sathya Sai,Nambulipulikunta,,Gowkanapalle,Nambulipulikunta,263068,14.17518,78.41019
Andhra Pradesh_2024,East Godavari,Nidadavole,Kovvuru,Nidadavole,Nidadavole,266151,16.9002,81.67388
Andhra Pradesh_2024,Sri Sathya Sai,Nambulipulikunta,,Velichelimala,Nambulipulikunta,269062,14.16682,78.34884
Andhra Pradesh_2024,Tirupati,Ramachandrapuram,,Rayal Cheruvu,Ramachandrapuram,,13.50954,79.39362
Andhra Pradesh_2024,Annamayya,Madanapalle,,Chinnathippasamudram,Madanapalle,262037,13.63079,78.55432
Andhra Pradesh_2024,Sri Sathya Sai,Nambulipulikunta,,Mekalacheruvu,Nambulipulikunta,265463,14.03893,78.30872
Andhra Pradesh_2024,East Godavari,Nidadavole,Kovvuru,Nidadavole,Nidadavole,266151,16.91611,81.67323
Andhra Pradesh_2024,Chittoor,Punganur,,Punganuru (Rural),Punganur,267120,13.37135,78.57516
Andhra Pradesh_2024,Chittoor,Punganur,,Punganuru (Rural),Punganur,267120,13.3668,78.57198
Andhra Pradesh_2024,Chittoor,Punganur,,Punganuru (Rural),Punganur,267120,13.35917,78.56322
Andhra Pradesh_2024,Sri Sathya Sai,Nambulipulikunta,,Gootibylu,Nambulipulikunta,262961,14.0275,78.31714
Andhra Pradesh_2024,Annamayya,Kalikiri,,Kalikiri,Kalikiri,263755,13.65372,78.80319
Andhra Pradesh_2024,Chittoor,Punganur,,Etavakili,Punganur,262633,13.36376,78.52771
Andhra Pradesh_2024,East Godavari,Seethanagaram,,Muggaulla,Seethanagaram,265648,17.14748,81.71803
Andhra Pradesh_2024,East Godavari,Undrajavaram,Kovvuru,Undrajavaram,Undrajavaram,268728,16.78828,81.70824
Andhra Pradesh_2024,East Godavari,Peravali,Kovvuru,Peravali,Peravali,266856,16.745,81.74725
Andhra Pradesh_2024,Kakinada,Rowthulapudi,,Routhulapudi,Rowthulapudi,267549,17.38152,82.37422
Andhra Pradesh_2024,Kakinada,Rowthulapudi,,Routhulapudi,Rowthulapudi,267549,17.37804,82.36902
Andhra Pradesh_2024,Kakinada,Sankhavaram,,Sankhavaram,Sankhavaram,267675,17.31156,82.36558
Andhra Pradesh_2024,Sri Sathya Sai,Kothacheruvu,Kodapaganipalli,Kodapaganipalle,Kothacheruvu,264175,14.23605,77.75219
Andhra Pradesh_2024,Kakinada,Sankhavaram,,Konthangi,Sankhavaram,264446,17.28955,82.34298
Andhra Pradesh_2024,Sri Sathya Sai,Lepakshi,Lepakshi,Lepakshi,Lepakshi,264965,13.80569,77.60291
Andhra Pradesh_2024,Sri Sathya Sai,Chilamathur,Chilamathur,Chilamathur,Chilamathur,261884,13.83735,77.70052
Andhra Pradesh_2024,Sri Sathya Sai,Kothacheruvu,Kesapuram,Kesapuram,Kothacheruvu,264111,14.21906,77.72517
Andhra Pradesh_2024,Sri Sathya Sai,Kothacheruvu,Thalamarala,Talamarla,Kothacheruvu,268240,14.21916,77.72505
Andhra Pradesh_2024,Vizianagaram,Rajam,,Rajam,Rajam,267236,18.44712,83.67299
Andhra Pradesh_2024,Chittoor,Yadamarri,,Yadamari,Yadamarri,269357,13.16172,79.03949
Andhra Pradesh_2024,Chittoor,Yadamarri,,184.Gollapalle,Yadamarri,260563,13.14027,79.0264
Andhra Pradesh_2024,Sri Sathya Sai,Kothacheruvu,Bandlapalli,Bandlapalle,Kothacheruvu,261177,14.13328,77.69291
Andhra Pradesh_2024,Sri Sathya Sai,Chilamathur,Chilamathur,Veerapuram,Chilamathur,269019,13.76667,77.71412
Andhra Pradesh_2024,Chittoor,Chittoor,,Thenebanda,Chittoor,268417,13.21838,79.09135
Andhra Pradesh_2024,Tirupati,Renigunta,,Karakambadi,Renigunta,263951,13.66927,79.50699
Andhra Pradesh_2024,NTR,Nandigama,NANDIGAMA,Nandigama (U)(P),Nandigama,265944,16.78769,80.27477
Andhra Pradesh_2024,Tirupati,Renigunta,,Annasanipalle,Renigunta,260898,13.64248,79.49527
Andhra Pradesh_2024,Vizianagaram,Pusapatirega,,Kopperla,Pusapatirega,264458,18.06722,83.53145
Andhra Pradesh_2024,Vizianagaram,Pusapatirega,,Kopperla,Pusapatirega,,18.06718,83.53145
Andhra Pradesh_2024,Vizianagaram,Pusapatirega,,Govindapuram,Pusapatirega,263058,18.09205,83.60536
Andhra Pradesh_2024,Vizianagaram,Pusapatirega,,Alladapalem,Pusapatirega,260711,18.14235,83.62099
Andhra Pradesh_2024,NTR,Chandarlapadu,NANDIGAMA,Chandarlapadu,Chandarlapadu,261688,16.70182,80.20064
Andhra Pradesh_2024,NTR,Chandarlapadu,NANDIGAMA,Chintalapadu,Chandarlapadu,262066,16.6462,80.27959
Andhra Pradesh_2024,Vizianagaram,Denkada,,Denkada,Denkada,262330,18.07873,83.45843
Andhra Pradesh_2024,Srikakulam,Srikakulam,,Pathasrikakulam (Rural),Srikakulam,,18.27408,83.90572
Andhra Pradesh_2024,Guntur,Tenali,,Angalakuduru,Tenali,260859,16.23895,80.63292
Andhra Pradesh_2024,Guntur,Tenali,,Chinaravuru,Tenali,261967,16.22698,80.65183
Andhra Pradesh_2024,Guntur,Tenali,,Tenali(U),Tenali,268331,16.25317,80.643
Andhra Pradesh_2024,Guntur,Chebrolu,,Chebrole,Chebrolu,261735,16.23708,80.55758
Andhra Pradesh_2024,Y.S.R. Kadapa,Chapad,,Vedurur,Chapad,268989,14.6578,78.66425
Andhra Pradesh_2024,Y.S.R. Kadapa,Chapad,,Chapad,Chapad,261709,14.72707,78.65029
Andhra Pradesh_2024,Srikakulam,Srikakulam,,Chintada,Srikakulam,262050,18.39003,83.90106
Andhra Pradesh_2024,Srikakulam,Amadalavalasa,,Munagavalasa,Amadalavalasa,265703,18.40292,83.90583
Andhra Pradesh_2024,Srikakulam,Amadalavalasa,,Amadalavalasa (M),Amadalavalasa,260744,18.39863,83.91877
Andhra Pradesh_2024,Srikakulam,Amadalavalasa,,Thimmapuram,Amadalavalasa,268442,18.43385,83.88224
Andhra Pradesh_2024,Srikakulam,Burja,,Issadivalasa,Burja,263378,18.5588,83.81687
Andhra Pradesh_2024,Srikakulam,Burja,,Kollivalasa,Burja,264249,18.50488,83.83036
Andhra Pradesh_2024,Tirupati,Srikalahasti,,Kapugunneri,Srikalahasti,263939,13.72284,79.65131
Andhra Pradesh_2024,Y.S.R. Kadapa,Vemula,,Vemula,Vemula,269115,14.37212,78.32857
Andhra Pradesh_2024,Y.S.R. Kadapa,Vemula,,Nallacheruvupalle,Vemula,,14.37072,78.32983
Andhra Pradesh_2024,Y.S.R. Kadapa,Chinthakommadinne,,Chintakommadinne,Chinthakommadinne,262053,14.43954,78.80318
Andhra Pradesh_2024,Srikakulam,Amadalavalasa,,Chinnajonnavalasa,Amadalavalasa,262004,18.39801,83.89707
Andhra Pradesh_2024,Srikakulam,Srikakulam,,Ragolu,Srikakulam,267224,18.3447,83.89041
Andhra Pradesh_2024,Srikakulam,Srikakulam,,Balaga (Rural),Srikakulam,261116,18.31434,83.88719
Andhra Pradesh_2024,Srikakulam,Srikakulam,,Pathasrikakulam (Rural),Srikakulam,266566,18.27245,83.90172
Andhra Pradesh_2024,Sri Sathya Sai,Hindupur,Hindupur,Thumukunta,Hindupur,268563,13.73103,77.49926
Andhra Pradesh_2024,Sri Sathya Sai,Hindupur,Hindupur,Hindupur,Hindupur,263298,13.8129,77.48732
Andhra Pradesh_2024,Kakinada,Peddapuram,,Peddapuram,Peddapuram,266757,17.0746,82.14644
Andhra Pradesh_2024,NTR,Reddigudem,Redigudem,Rangapuram,Reddigudem,267392,16.85131,80.72665
Andhra Pradesh_2024,Sri Sathya Sai,Hindupur,Hindupur,Hindupur,Hindupur,263298,13.83241,77.49394
Andhra Pradesh_2024,Srikakulam,Sompeta,Sompeta,Koralam,Sompeta,264467,18.90342,84.56089
Andhra Pradesh_2024,Srikakulam,Sompeta,,Koralam,Sompeta,264467,18.90343,84.56088
Andhra Pradesh_2024,Kakinada,Peddapuram,,Peddapuram,Peddapuram,266757,17.07402,82.14592
Andhra Pradesh_2024,NTR,Reddigudem,,Reddigudem,Reddigudem,267479,16.8711,80.73356
Andhra Pradesh_2024,Kakinada,Peddapuram,,Peddapuram,Peddapuram,266757,17.07497,82.14354
Andhra Pradesh_2024,Sri Sathya Sai,Hindupur,Hindupur,Hindupur,Hindupur,263298,13.83902,77.4866
Andhra Pradesh_2024,NTR,Vissannapet,,Vissannapet,Vissannapet,269301,16.94954,80.77441
Andhra Pradesh_2024,Srikakulam,Sompeta,Sompeta,Sompeta (Ct),Sompeta,268027,18.94442,84.58482
Andhra Pradesh_2024,Srikakulam,Sompeta,Sompeta,Sompeta (Ct),Sompeta,268027,18.9445,84.58481
Andhra Pradesh_2024,Srikakulam,Sompeta,Sompeta,Sompeta (Ct),Sompeta,268027,18.94433,84.58498
Andhra Pradesh_2024,Srikakulam,Sompeta,Sompeta,Sompeta (Ct),Sompeta,268027,18.94434,84.58502
Andhra Pradesh_2024,Kakinada,Peddapuram,,Valuthimmapuram,Peddapuram,268874,17.07401,82.11449
Andhra Pradesh_2024,Kakinada,Peddapuram,,Peddapuram,Peddapuram,266757,17.08079,82.14322
Andhra Pradesh_2024,Kakinada,Peddapuram,,Peddapuram,Peddapuram,266757,17.08063,82.14372
Andhra Pradesh_2024,Kakinada,Peddapuram,,Rayabhupalapatnam,Peddapuram,267456,17.04675,82.12104
Andhra Pradesh_2024,Kakinada,Peddapuram,,Peddapuram,Peddapuram,266757,17.08373,82.12613
Andhra Pradesh_2024,Srikakulam,Ichchapuram,Ichapuram,Bellupada,Ichchapuram,261269,19.10245,84.6806
Andhra Pradesh_2024,Srikakulam,Ichchapuram,Ichapuram,Bellupada,Ichchapuram,261269,19.10242,84.68062
Andhra Pradesh_2024,Kakinada,Peddapuram,,Peddapuram,Peddapuram,266757,17.08489,82.12784
Andhra Pradesh_2024,Srikakulam,Ichchapuram,Ichcha piram,Bellupada,Ichchapuram,261269,19.10463,84.68211
Andhra Pradesh_2024,Srikakulam,Ichchapuram,Ichchapuram,Bellupada,Ichchapuram,261269,19.10462,84.68208
Andhra Pradesh_2024,Srikakulam,Ichchapuram,Ichapuram,Aminsahebpeta,Ichchapuram,260784,19.11353,84.6834
Andhra Pradesh_2024,Srikakulam,Ichchapuram,Ichchapuram,Aminsahebpeta,Ichchapuram,260784,19.11354,84.68346
Andhra Pradesh_2024,Srikakulam,Ichchapuram,Ichcha piram,Aminsahebpeta,Ichchapuram,260784,19.11334,84.68355
Andhra Pradesh_2024,Srikakulam,Ichchapuram,Ichapuram,Aminsahebpeta,Ichchapuram,260784,19.11341,84.68365
Andhra Pradesh_2024,Kakinada,Samalkota,,Samalkota,Samalkota,267617,17.05429,82.17515
Andhra Pradesh_2024,Srikakulam,Ichchapuram,?????????,Aminsahebpeta,Ichchapuram,260784,19.14115,84.69551
Andhra Pradesh_2024,Srikakulam,Ichchapuram,Ichapuram,Aminsahebpeta,Ichchapuram,260784,19.14116,84.69548
Andhra Pradesh_2024,Kakinada,Samalkota,,Samalkota,Samalkota,267617,17.05603,82.16213
Andhra Pradesh_2024,Kakinada,Samalkota,,Samalkota,Samalkota,267617,17.05884,82.17
Andhra Pradesh_2024,Sri Sathya Sai,Dharmavaram,R&b,Regatipalle,Dharmavaram,267501,14.41313,77.71584
Andhra Pradesh_2024,Kakinada,Samalkota,,Samalkota,Samalkota,267617,17.06331,82.17754
Andhra Pradesh_2024,Annamayya,B.Kothakota,,B.Kothakota,B.Kothakota,261075,13.65814,78.27128
Andhra Pradesh_2024,Sri Sathya Sai,Dharmavaram,Mg,Pothulanagepalle,Dharmavaram,267023,14.39184,77.70731
Andhra Pradesh_2024,Kakinada,Pithapuram,,Kandarada,Pithapuram,263867,17.10312,82.22151
Andhra Pradesh_2024,Annamayya,Pedda Thippasamudram,,,Pedda Thippasamudram,,13.68174,78.13493
Andhra Pradesh_2024,Kakinada,Kothapalle,,Kothapalle,Kothapalle,264583,17.0922,82.31399
Andhra Pradesh_2024,Kakinada,Kothapalle,,Kothapalle,Kothapalle,264583,17.0903,82.3147
Andhra Pradesh_2024,Annamayya,Pedda Thippasamudram,,Kandukuru,Pedda Thippasamudram,263879,13.7613,78.15922
Andhra Pradesh_2024,Y.S.R. Kadapa,Jammalamadugu,Jammalamadugu,Jammalamadugu (NP),Jammalamadugu,263496,14.8451,78.3833
Andhra Pradesh_2024,Sri Sathya Sai,Gudibanda,,Kumbaranagehalli,Gudibanda,264761,14.01987,77.09695
Andhra Pradesh_2024,Annamayya,Pedda Thippasamudram,,Peddathippasamudram,Pedda Thippasamudram,266771,13.71321,78.21394
Andhra Pradesh_2024,Y.S.R. Kadapa,Khajipet,,Khajipet Sunkesula,Khajipet,264131,14.6462,78.76094
Andhra Pradesh_2024,Kakinada,Pithapuram,,Pithapuram,Pithapuram,266920,17.10951,82.25385
Andhra Pradesh_2024,Kakinada,Pithapuram,,Pithapuram,Pithapuram,266920,17.111,82.25515
Andhra Pradesh_2024,Kakinada,Pithapuram,,Pithapuram,Pithapuram,266920,17.11273,82.25649
Andhra Pradesh_2024,NTR,Penuganchiprolu,NANDIGAMA,Nawabpeta,Penuganchiprolu,266055,16.83367,80.23244
Andhra Pradesh_2024,Sri Sathya Sai,Amarapuram,,Amarapuram,Amarapuram,260754,14.11832,76.98157
Andhra Pradesh_2024,Kakinada,Pithapuram,,Pithapuram,Pithapuram,266920,17.10977,82.26391
Andhra Pradesh_2024,Sri Sathya Sai,Amarapuram,,Amarapuram,Amarapuram,260754,14.11836,76.98151
Andhra Pradesh_2024,Kakinada,Pithapuram,,Pithapuram,Pithapuram,266920,17.11779,82.25298
Andhra Pradesh_2024,Y.S.R. Kadapa,Chennur,,Chennur,Chennur,261823,14.55655,78.79477
Andhra Pradesh_2024,Tirupati,Srikalahasti,,Srikalahasti,Srikalahasti,268063,13.75735,79.70106
Andhra Pradesh_2024,Annamayya,Mulakalacheruvu,,Cowdasamuram,Mulakalacheruvu,,13.85486,78.32829
Andhra Pradesh_2024,NTR,Jaggayyapeta,NANDIGAMA,Jaggayyapeta (U),Jaggayyapeta,263454,16.89412,80.11205
Andhra Pradesh_2024,Kakinada,Pithapuram,,Pithapuram,Pithapuram,266920,17.11933,82.2512
Andhra Pradesh_2024,NTR,Jaggayyapeta,NANDIGAMA,Jaggayyapeta (U),Jaggayyapeta,263454,16.8928,80.0979
Andhra Pradesh_2024,Sri Sathya Sai,Amarapuram,,Hemavathi,Amarapuram,263294,14.02822,76.99043
Andhra Pradesh_2024,Sri Sathya Sai,Amarapuram,,Hemavathi,Amarapuram,263294,14.02824,76.9904
Andhra Pradesh_2024,Kakinada,Pithapuram,,Agraharam,Pithapuram,260639,17.12992,82.25351
Andhra Pradesh_2024,Annamayya,Mulakalacheruvu,,Molakalacheruvu,Mulakalacheruvu,265574,13.79419,78.27388
Andhra Pradesh_2024,NTR,Jaggayyapeta,NANDIGAMA,Jaggayyapeta (U),Jaggayyapeta,263454,16.8952,80.09636
Andhra Pradesh_2024,Kakinada,Pithapuram,,Pithapuram,Pithapuram,266920,17.12944,82.2558
Andhra Pradesh_2024,NTR,Jaggayyapeta,NANDIGAMA,Jaggayyapeta (U),Jaggayyapeta,263454,16.88975,80.09102
Andhra Pradesh_2024,Sri Sathya Sai,Gudibanda,,Morubagal,Gudibanda,265599,13.97764,77.04066
Andhra Pradesh_2024,Annamayya,Mulakalacheruvu,,Burakayalakota,Mulakalacheruvu,261600,13.73352,78.3402
Andhra Pradesh_2024,NTR,Jaggayyapeta,NANDIGAMA,Balusupadu,Jaggayyapeta,261149,16.90136,80.07978
Andhra Pradesh_2024,Sri Sathya Sai,Gudibanda,,Morubagal,Gudibanda,265599,13.97765,77.04065
Andhra Pradesh_2024,Kakinada,Gollaprolu,,Gollaprolu,Gollaprolu,262936,17.1471,82.27906
Andhra Pradesh_2024,NTR,Jaggayyapeta,NANDIGAMA,Jaggayyapeta (U),Jaggayyapeta,263454,16.90098,80.10078
Andhra Pradesh_2024,Annamayya,B.Kothakota,,Kotavooru,B.Kothakota,264541,13.6889,78.4079
Andhra Pradesh_2024,Kakinada,Gollaprolu,,Gollaprolu,Gollaprolu,262936,17.15722,82.2892
Andhra Pradesh_2024,Sri Sathya Sai,Gudibanda,,Mandalahalli,Gudibanda,265260,13.93973,77.10503
Andhra Pradesh_2024,NTR,Jaggayyapeta,NANDIGAMA,Jaggayyapeta (U),Jaggayyapeta,263454,16.90501,80.10153
Andhra Pradesh_2024,Sri Sathya Sai,Gudibanda,,Mandalahalli,Gudibanda,265260,13.93975,77.10503
Andhra Pradesh_2024,Kakinada,Gollaprolu,,Chebrolu,Gollaprolu,261736,17.19246,82.30879
Andhra Pradesh_2024,NTR,Jaggayyapeta,NANDIGAMA,Garikapadu,Jaggayyapeta,262803,16.92632,80.10886
Andhra Pradesh_2024,NTR,Vatsavai,NANDIGAMA,Mangollu,Vatsavai,265303,16.94247,80.14484
Andhra Pradesh_2024,Sri Sathya Sai,Gudibanda,,Gudibanda,Gudibanda,263102,13.97689,77.108
Andhra Pradesh_2024,Sri Sathya Sai,Gudibanda,,Gudibanda,Gudibanda,263102,13.9769,77.10802
Andhra Pradesh_2024,Sri Sathya Sai,Gudibanda,,Kekathi,Gudibanda,264099,13.98618,77.15344
Andhra Pradesh_2024,Sri Sathya Sai,Gudibanda,,Kekathi,Gudibanda,264099,13.98619,77.15346
Andhra Pradesh_2024,NTR,Vatsavai,NANDIGAMA,Vatsavai,Vatsavai,268960,16.98332,80.23983
Andhra Pradesh_2024,NTR,Vatsavai,NANDIGAMA,Lingala,Vatsavai,264972,16.95944,80.21994
Andhra Pradesh_2024,Srikakulam,Gara,,Buravalli,Gara,261601,18.35075,84.00295
Andhra Pradesh_2024,Vizianagaram,Gantyada,,Gantyada,Gantyada,262788,18.14075,83.295
Andhra Pradesh_2024,Vizianagaram,Gantyada,,Gantyada,Gantyada,262788,18.1408,83.29503
Andhra Pradesh_2024,NTR,Vatsavai,NANDIGAMA,Kambampadu,Vatsavai,263813,16.93847,80.27557
Andhra Pradesh_2024,Vizianagaram,Vizianagaram,,Pinavemali,Vizianagaram,266907,18.08355,83.33177
Andhra Pradesh_2024,NTR,Penuganchiprolu,NANDIGAMA,Penuganchiprolu,Penuganchiprolu,266840,16.90994,80.23906
Andhra Pradesh_2024,Vizianagaram,Vizianagaram,,Pinavemali,Vizianagaram,266907,18.08357,83.33174
Andhra Pradesh_2024,Srikakulam,Gara,,Kalingapatnam,Gara,263757,18.33337,84.11637
Andhra Pradesh_2024,Srikakulam,Gara,,Gara,Gara,262794,18.33349,84.11632
Andhra Pradesh_2024,Srikakulam,Gara,,Gara,Gara,262794,18.33062,84.06254
Andhra Pradesh_2024,Srikakulam,Gara,,Tulugu,Gara,268644,18.30712,84.04201
Andhra Pradesh_2024,Sri Sathya Sai,Dharmavaram,Ob,Mallakalva,Dharmavaram,265187,14.38117,77.78094
Andhra Pradesh_2024,Sri Sathya Sai,Dharmavaram,B,Darsimala,Dharmavaram,262292,14.37186,77.81984
Andhra Pradesh_2024,NTR,Vissannapet,,Putrela,Vissannapet,267161,17.02346,80.72762
Andhra Pradesh_2024,Sri Sathya Sai,Tanakal,,Balasamudram,Tanakal,261128,13.88048,78.21954
Andhra Pradesh_2024,East Godavari,Korukonda,,Gadala,Korukonda,262664,17.0764,81.8194
Andhra Pradesh_2024,Sri Sathya Sai,Tanakal,,Tanakal,Tanakal,268278,13.92988,78.19155
Andhra Pradesh_2024,Vizianagaram,Merakamudidam,,Garbham,Merakamudidam,262799,18.37192,83.45116
Andhra Pradesh_2024,East Godavari,Korukonda,,Jambupatnam,Korukonda,263487,17.17767,81.83525
Andhra Pradesh_2024,Chittoor,Chittoor,,Narigapalle,Chittoor,266031,13.15429,79.10634
Andhra Pradesh_2024,East Godavari,Gokavaram,,Gokavaram,Gokavaram,262891,17.26483,81.85246
Andhra Pradesh_2024,Tirupati,Renigunta,,Krishnaih Kalva,Renigunta,264687,13.6405,79.51857
Andhra Pradesh_2024,Sri Sathya Sai,Tanakal,,Malreddipalle,Tanakal,265223,13.81419,78.14116
Andhra Pradesh_2024,Tirupati,Ramachandrapuram,,Nennuru,Ramachandrapuram,,13.55199,79.41829
Andhra Pradesh_2024,Chittoor,Chittoor,,Chittoor (M + OG),Chittoor,262134,13.17882,79.09821
Andhra Pradesh_2024,Chittoor,Chittoor,,Chittoor (M + OG),Chittoor,262134,13.17891,79.09828
Andhra Pradesh_2024,NTR,Gampalagudem,,Utukuru,Gampalagudem,268786,17.01079,80.43016
Andhra Pradesh_2024,Chittoor,Peddapanjani,,Muttukuru (Panjani),Peddapanjani,265775,13.28731,78.62266
Andhra Pradesh_2024,Tirupati,Renigunta,,Krishnapuram,Renigunta,264705,13.64165,79.50184
Andhra Pradesh_2024,Chittoor,Chittoor,,Greamspeta,Chittoor,263082,13.20015,79.09206
Andhra Pradesh_2024,Chittoor,Peddapanjani,,Peddapanjani,Peddapanjani,266753,13.29255,78.68644
Andhra Pradesh_2024,NTR,Gampalagudem,,Gampalagudem,Gampalagudem,262703,16.98986,80.51821
Andhra Pradesh_2024,Tirupati,Srikalahasti,,Srikalahasti,Srikalahasti,268063,13.7446,79.7105
Andhra Pradesh_2024,Vizianagaram,Rajam,,Boddam,Rajam,261412,18.41001,83.63255
Andhra Pradesh_2024,Chittoor,Peddapanjani,,Rayalapeta,Peddapanjani,267463,13.3317,78.71947
Andhra Pradesh_2024,Sri Sathya Sai,Tanakal,,Cheekatimanipalle,Tanakal,261745,13.82912,78.2413
Andhra Pradesh_2024,Sri Sathya Sai,Kothacheruvu,Kothacharuvu current office,Kothacheruvu,Kothacheruvu,264550,14.1833,77.7635
Andhra Pradesh_2024,Srikakulam,Ganguvarisigadam,,Ganguvarisigadam,Ganguvarisigadam,262778,18.38083,83.67761
Andhra Pradesh_2024,NTR,Tiruvuru,,Chintalapadu,Tiruvuru,262065,17.03783,80.55827
Andhra Pradesh_2024,Parvathipuram Manyam,Pachipenta,,Panasapeddi Konavalasa,Pachipenta,266424,18.52576,83.15301
Andhra Pradesh_2024,Srikakulam,Ponduru,,Ponduru,Ponduru,266973,18.35053,83.76731
Andhra Pradesh_2024,Sri Sathya Sai,Chennekothapalle,,Nyamaddala,Chennekothapalle,266216,14.25673,77.58441
Andhra Pradesh_2024,NTR,Tiruvuru,,Munukulla,Tiruvuru,265726,17.11509,80.5796
Andhra Pradesh_2024,NTR,Kanchikacherla,NANDIGAMA,Moguluru,Kanchikacherla,265552,16.63977,80.33354
Andhra Pradesh_2024,Sri Sathya Sai,Chennekothapalle,,Chennekothapalle,Chennekothapalle,261821,14.2665,77.68192
Andhra Pradesh_2024,Sri Sathya Sai,Chennekothapalle,,Poletipalle,Chennekothapalle,266958,14.26654,77.6822
Andhra Pradesh_2024,NTR,Tiruvuru,,Laxmipuram,Tiruvuru,264958,17.08486,80.62307
Andhra Pradesh_2024,Srikakulam,Ranastalam,,Pydibhimavaram,Ranastalam,267172,18.14242,83.62065
Andhra Pradesh_2024,NTR,Kanchikacherla,NANDIGAMA,Kanchikacherla,Kanchikacherla,263857,16.67413,80.39665
Andhra Pradesh_2024,NTR,G.Konduru,,Koduru,G.Konduru,264200,16.6851,80.58112
Andhra Pradesh_2024,Guntur,Kollipara,,Kollipara,Kollipara,264246,16.28883,80.25693
Andhra Pradesh_2024,Guntur,Phirangipuram,,Phirangipuram,Phirangipuram,266882,16.28877,80.25689
Andhra Pradesh_2024,NTR,Vissannapet,,Vemireddipalle,Vissannapet,269109,17.05178,80.75868
Andhra Pradesh_2024,Srikakulam,Ranastalam,,Garikipalem,Ranastalam,262808,18.20675,83.69419
Andhra Pradesh_2024,Guntur,Duggirala,,Duggirala,Duggirala,262523,16.34543,80.30451
Andhra Pradesh_2024,Guntur,Duggirala,,Duggirala,Duggirala,262523,16.34548,80.30442
Andhra Pradesh_2024,Guntur,Medikonduru,,Medikonduru,Medikonduru,265445,16.3453,80.30447
Andhra Pradesh_2024,NTR,G.Konduru,,Kuntamukkala,G.Konduru,264801,16.72071,80.62186
Andhra Pradesh_2024,Srikakulam,Laveru,,Laveru,Laveru,264946,18.23541,83.70165
Andhra Pradesh_2024,NTR,Veerullapadu,NANDIGAMA,Alluru,Veerullapadu,260728,16.76666,80.43654
Andhra Pradesh_2024,Srikakulam,Laveru,,Laveru,Laveru,264946,18.2423,83.69057
Andhra Pradesh_2024,NTR,Veerullapadu,NANDIGAMA,Veerillapadu,Veerullapadu,269028,16.82124,80.39651
Andhra Pradesh_2024,NTR,Mylavaram,,Chandrala,Mylavaram,261693,16.76848,80.71502
Andhra Pradesh_2024,Srikakulam,Laveru,,Tamada,Laveru,268268,18.18822,83.77318
Andhra Pradesh_2024,Vizianagaram,Denkada,,Modavalasa,Denkada,265527,17.96602,83.41939
Andhra Pradesh_2024,NTR,Veerullapadu,NANDIGAMA,Nandaluru,Veerullapadu,265931,16.74756,80.34342
Andhra Pradesh_2024,Srikakulam,Laveru,,Budumuru,Laveru,261580,18.24775,83.76383
Andhra Pradesh_2024,NTR,Mylavaram,,Mylavaram,Mylavaram,265786,16.77389,80.64017
Andhra Pradesh_2024,Srikakulam,Etcherla,,Etcherla,Etcherla,262634,18.27936,83.81351
Andhra Pradesh_2024,NTR,A.Konduru,,Cheemalapadu,A.Konduru,261753,16.88477,80.64262
Andhra Pradesh_2024,Srikakulam,Etcherla,,Tamminaidupeta,Etcherla,268275,18.32859,83.88348
